path,x1,y1,x2,y2,x3,y3,x4,y4,label
CLPD_1200/0.jpg,99,213,171,211,173,236,101,236,»¦EC1288
CLPD_1200/1.jpg,118,163,262,171,261,221,115,211,Â³A077Y5
CLPD_1200/2.jpg,162,332,402,326,401,402,161,400,Â³BG8R18
CLPD_1200/3.jpg,258,268,364,270,366,298,261,298,Â³W99999
CLPD_1200/4.jpg,193,211,293,212,291,244,193,243,ÉÂH77777
CLPD_1200/5.jpg,279,191,425,189,427,230,280,234,¾©A88639
CLPD_1200/6.jpg,295,445,407,444,407,478,298,478,´¨ASF581
CLPD_1200/7.jpg,108,113,215,112,216,144,109,145,Â³B921LE
CLPD_1200/8.jpg,179,167,379,163,383,218,177,219,»¦CR8707
CLPD_1200/9.jpg,259,447,368,445,371,476,265,477,´¨A52Y7
CLPD_1200/10.jpg,297,196,390,195,390,238,297,237,ÃöA562H3
CLPD_1200/11.jpg,188,269,255,281,256,303,188,292,Â³CAH882
CLPD_1200/12.jpg,331,371,534,377,533,434,328,424,ÁÉ000250
CLPD_1200/13.jpg,397,271,500,264,501,299,398,306,ÁÉBR7777
CLPD_1200/14.jpg,461,238,510,242,508,267,460,260,ÃöC4298S
CLPD_1200/15.jpg,231,191,336,200,334,229,230,226,½úDLY520
CLPD_1200/16.jpg,500,216,618,220,616,257,496,253,ÐÂAEA927
CLPD_1200/17.jpg,223,343,363,341,363,382,223,382,ÃÉC99999
CLPD_1200/18.jpg,264,634,458,564,461,621,279,679,²ØCB5555
CLPD_1200/19.jpg,261,531,395,514,400,557,263,574,´¨J71111
CLPD_1200/20.jpg,159,302,279,315,280,354,162,338,´¨L00057
CLPD_1200/21.jpg,48,121,99,120,99,138,46,139,ÍîQ18632
CLPD_1200/22.jpg,895,535,1114,470,1116,547,897,625,ÉÂA67LB0
CLPD_1200/23.jpg,500,532,719,540,729,629,513,609,ÉÂAG9Z10
CLPD_1200/24.jpg,123,113,239,109,238,138,123,142,ÃöHB1508
CLPD_1200/25.jpg,412,548,946,564,947,731,389,704,ÔÁESB945
CLPD_1200/26.jpg,268,501,425,512,419,564,259,553,ËÕE7382B
CLPD_1200/27.jpg,234,213,342,212,344,242,239,243,ÏæD6EF99
CLPD_1200/28.jpg,415,267,504,270,502,310,414,305,ÃöA0111E
CLPD_1200/29.jpg,447,248,524,252,524,282,450,279,ÃöA1035D
CLPD_1200/30.jpg,246,172,312,170,313,192,243,191,ÍîAJH155
CLPD_1200/31.jpg,192,482,352,472,357,510,198,518,ÍîA22T43
CLPD_1200/32.jpg,604,540,781,536,783,584,605,592,ÉÂAZ0E83
CLPD_1200/33.jpg,773,327,886,340,885,372,773,366,´¨A8H3J6
CLPD_1200/34.jpg,249,282,338,291,338,317,250,315,ºÚAJP250
CLPD_1200/35.jpg,180,184,357,188,359,237,183,235,ºÚEAN999
CLPD_1200/36.jpg,172,191,351,193,351,247,171,246,ÔÁGQQ001
CLPD_1200/37.jpg,20,171,221,178,217,233,21,226,¼½B98Z10
CLPD_1200/38.jpg,540,222,662,229,661,267,541,262,ÐÂAW6312
CLPD_1200/39.jpg,199,164,270,162,272,185,200,186,ÁÉB07559
CLPD_1200/40.jpg,241,253,364,244,365,275,242,286,ÕãJN8888
CLPD_1200/41.jpg,153,140,277,145,280,183,157,176,¼½RC8266
CLPD_1200/42.jpg,258,441,329,445,329,467,258,465,Ô¥H00351
CLPD_1200/43.jpg,581,406,1062,408,1063,531,579,526,ÉÂC44448
CLPD_1200/44.jpg,187,215,427,216,427,291,186,286,ÔÁCFM951
CLPD_1200/45.jpg,16,133,163,141,162,189,16,182,¾©PHE352
CLPD_1200/46.jpg,230,595,380,625,375,690,226,655,´¨ATQ621
CLPD_1200/47.jpg,228,343,391,338,391,384,227,383,ÕãA98888
CLPD_1200/48.jpg,153,245,296,233,300,275,156,290,ÕãA9412B
CLPD_1200/49.jpg,338,324,445,319,445,353,338,357,ÔÁB44444
CLPD_1200/50.jpg,340,240,414,250,409,286,337,281,ÃöAWF197
CLPD_1200/51.jpg,173,354,258,354,259,377,173,379,´¨SY3456
CLPD_1200/52.jpg,165,160,217,161,218,178,165,177,Â³AA888M
CLPD_1200/53.jpg,492,472,603,436,599,475,493,506,½òKEJ156
CLPD_1200/54.jpg,587,551,837,523,840,614,589,645,ÉÂAH931Z
CLPD_1200/55.jpg,152,264,412,379,365,482,128,353,Â³V8080Z
CLPD_1200/56.jpg,299,186,515,198,508,265,294,248,ÉÂK75555
CLPD_1200/57.jpg,218,300,467,299,468,374,222,373,ÍîK00000
CLPD_1200/58.jpg,281,699,500,728,495,798,269,765,½òE22602
CLPD_1200/59.jpg,141,146,217,146,217,165,141,163,ÁÉA88888
CLPD_1200/60.jpg,147,165,237,164,238,194,147,193,ÔÁXK8888
CLPD_1200/61.jpg,473,236,518,241,517,262,472,254,ÃöDTC760
CLPD_1200/62.jpg,224,158,303,154,305,178,227,183,ÕãJD636R
CLPD_1200/63.jpg,175,225,344,230,343,281,174,278,¹ðK88888
CLPD_1200/64.jpg,495,221,541,224,540,243,494,239,ÃöD738X1
CLPD_1200/65.jpg,295,429,538,431,532,498,291,498,Â³U22159
CLPD_1200/66.jpg,247,286,417,289,420,340,248,335,¼ªD12407
CLPD_1200/67.jpg,452,249,525,250,525,284,453,279,ÃöA1035D
CLPD_1200/68.jpg,601,539,786,532,786,586,602,593,ÉÂAZ0E83
CLPD_1200/69.jpg,139,223,233,221,232,245,137,244,ÕãHB1111
CLPD_1200/70.jpg,296,243,380,243,377,268,296,264,´¨F8B990
CLPD_1200/71.jpg,311,665,464,694,460,752,303,728,½òMN0888
CLPD_1200/72.jpg,415,654,542,660,548,704,416,708,¼½HN7491
CLPD_1200/73.jpg,883,392,1281,412,1266,541,883,513,ÔÁAKQ131
CLPD_1200/74.jpg,427,208,588,204,592,255,429,259,´¨AF741Z
CLPD_1200/75.jpg,92,76,170,73,171,95,92,98,Â³AD06666
CLPD_1200/76.jpg,344,466,476,466,473,499,343,498,¾©BC4453
CLPD_1200/77.jpg,236,243,310,244,310,268,235,266,Â³HSB299
CLPD_1200/78.jpg,268,365,399,369,397,406,271,401,Â³QA8888
CLPD_1200/79.jpg,174,374,329,372,331,423,174,423,ÍîA2222B
CLPD_1200/80.jpg,117,163,207,163,206,188,115,189,Â³BVK895
CLPD_1200/81.jpg,166,438,309,454,310,501,173,479,´¨A00001
CLPD_1200/82.jpg,185,211,283,215,283,245,188,243,ÇíA99999
CLPD_1200/83.jpg,510,436,772,447,769,519,509,521,¼½DBJ888
CLPD_1200/84.jpg,282,346,476,351,474,408,279,401,Â³CB4111
CLPD_1200/85.jpg,258,170,323,170,323,191,257,191,ÍîM12288
CLPD_1200/86.jpg,272,283,464,289,472,352,279,349,¶õAAP378
CLPD_1200/87.jpg,219,440,368,437,369,474,219,477,²ØAR3089
CLPD_1200/88.jpg,170,461,285,459,289,503,165,503,ÏæA3685C
CLPD_1200/89.jpg,228,308,556,307,554,402,233,401,ÔÆA526EG
CLPD_1200/90.jpg,198,204,395,230,388,278,203,253,½òDPA222
CLPD_1200/91.jpg,344,161,472,163,474,200,346,195,Â³D56565
CLPD_1200/92.jpg,173,192,356,194,353,248,172,245,ÔÁGQQ001
CLPD_1200/93.jpg,180,322,304,324,305,359,184,357,¼½B911ZB
CLPD_1200/94.jpg,237,395,523,413,510,487,241,475,Â³BQ3T88
CLPD_1200/95.jpg,341,272,523,277,517,340,341,330,ÐÂAY9229
CLPD_1200/96.jpg,372,507,623,514,626,589,374,581,ÔÁNB001
CLPD_1200/97.jpg,302,248,400,250,401,283,304,278,´¨Q79867
CLPD_1200/98.jpg,500,487,851,512,850,636,500,583,½òRB7992
CLPD_1200/99.jpg,100,97,230,96,231,132,103,133,ÓåB5M551
CLPD_1200/100.jpg,157,243,240,241,241,265,157,268,½úM77777
CLPD_1200/101.jpg,307,268,400,268,402,298,306,297,ËÕB669GP
CLPD_1200/102.jpg,308,297,454,298,456,338,310,340,¶õAEB506
CLPD_1200/103.jpg,714,539,990,447,995,558,719,652,ÉÂAM31B1
CLPD_1200/104.jpg,337,208,451,210,450,244,336,243,ÐÂAK3057
CLPD_1200/105.jpg,646,316,795,310,802,365,651,374,Ô¥GK9999
CLPD_1200/106.jpg,803,539,1003,470,1008,559,804,636,ÉÂA4V998
CLPD_1200/107.jpg,488,458,658,514,659,606,489,541,ÉÂAYD169
CLPD_1200/108.jpg,245,204,335,206,339,245,249,244,ÃöA868A
CLPD_1200/109.jpg,128,270,435,260,437,341,132,354,ÁÉATG421
CLPD_1200/110.jpg,470,461,845,464,852,564,467,563,½òDSB777
CLPD_1200/111.jpg,144,307,283,309,281,350,140,348,¾©Y66666
CLPD_1200/112.jpg,291,261,393,264,391,289,289,287,Â³E00000
CLPD_1200/113.jpg,177,160,291,162,290,194,178,192,¾©N66666
CLPD_1200/114.jpg,141,219,260,213,261,251,141,256,ÔÁS30000
CLPD_1200/115.jpg,171,226,346,229,344,280,172,277,¹ðK88888
CLPD_1200/116.jpg,669,645,828,646,831,704,667,700,ËÕGJ7512
CLPD_1200/117.jpg,199,183,265,180,266,201,200,206,¶õB8CC27
CLPD_1200/118.jpg,275,183,400,190,400,227,276,222,ÁÉA4646A
CLPD_1200/119.jpg,239,350,324,352,326,374,240,374,´¨C22222
CLPD_1200/120.jpg,147,215,328,214,331,273,145,277,´¨YJ8520
CLPD_1200/121.jpg,203,328,324,327,323,362,200,368,Ô¥R8800E
CLPD_1200/122.jpg,205,138,336,143,334,182,201,179,½òFL0089
CLPD_1200/123.jpg,266,451,468,457,468,524,268,513,ÏæAD8098
CLPD_1200/124.jpg,146,133,198,133,198,147,148,149,ËÕBD0D100
CLPD_1200/125.jpg,240,401,490,408,490,476,242,463,Â³BL9T55
CLPD_1200/126.jpg,269,431,518,437,516,500,274,498,Â³BQ9T51
CLPD_1200/127.jpg,495,538,644,554,644,598,497,585,¶õADW999
CLPD_1200/128.jpg,203,278,316,277,315,313,200,314,¶õEZ002K
CLPD_1200/129.jpg,151,140,280,144,280,184,156,178,¼½RC8266
CLPD_1200/130.jpg,199,267,381,270,379,318,197,313,¾©G88888
CLPD_1200/131.jpg,98,105,183,101,185,136,98,139,¾©NQG298
CLPD_1200/132.jpg,292,425,539,431,531,502,296,499,Â³U22159
CLPD_1200/133.jpg,37,130,462,127,454,236,57,231,¾©PBS362
CLPD_1200/134.jpg,271,230,381,221,381,252,275,264,¹ó0A2803
CLPD_1200/135.jpg,235,379,383,379,382,418,233,419,¶õN77777
CLPD_1200/136.jpg,649,564,774,555,774,601,649,620,ÉÂA6U8J8
CLPD_1200/137.jpg,160,324,290,295,296,341,166,364,¼½DMH370
CLPD_1200/138.jpg,510,594,637,583,650,624,523,637,ÉÂA169Z
CLPD_1200/139.jpg,153,234,230,233,231,256,151,255,´¨X55555
CLPD_1200/140.jpg,151,184,256,185,257,213,153,213,´¨A29922
CLPD_1200/141.jpg,193,157,322,164,325,202,194,196,¾©EA2757
CLPD_1200/142.jpg,373,173,500,182,498,220,372,214,¼½R2Q629
CLPD_1200/143.jpg,79,123,154,131,154,150,79,140,ËÕCD07773
CLPD_1200/144.jpg,176,93,301,96,301,131,175,126,½òMA3980
CLPD_1200/145.jpg,564,301,686,307,686,349,566,341,´¨AE3B78
CLPD_1200/146.jpg,66,163,430,166,427,275,69,274,ÕãBD7D69
CLPD_1200/147.jpg,358,621,479,623,479,658,354,662,ÏæA9NU97
CLPD_1200/148.jpg,468,224,512,231,514,255,468,245,ÃöCD18CQ
CLPD_1200/149.jpg,208,483,355,482,356,531,212,537,ÉÂAJF783
CLPD_1200/150.jpg,167,396,309,414,309,460,163,438,ËÕB26566
CLPD_1200/151.jpg,776,308,908,311,906,353,772,355,ËÕCY5955
CLPD_1200/152.jpg,320,423,567,462,549,579,312,544,ÉÂAW202K
CLPD_1200/153.jpg,204,236,333,242,338,291,211,284,¶õAB8088
CLPD_1200/154.jpg,185,342,349,341,347,382,189,382,´¨QLP700
CLPD_1200/155.jpg,280,261,420,262,420,302,285,301,½úF21696
CLPD_1200/156.jpg,167,193,274,195,273,231,167,227,´¨B22222
CLPD_1200/157.jpg,190,227,261,225,260,245,186,249,¼½B99999
CLPD_1200/158.jpg,244,367,396,340,398,385,255,415,½òACA151
CLPD_1200/159.jpg,169,243,297,244,298,280,169,282,ÕãA800CC
CLPD_1200/160.jpg,149,274,250,276,248,302,150,298,ÓåBJ2008
CLPD_1200/161.jpg,343,332,1003,409,1013,658,356,571,ÉÂAG9Z10
CLPD_1200/162.jpg,154,225,258,223,258,250,158,254,ÔÁAG6666
CLPD_1200/163.jpg,260,231,407,218,415,257,265,268,ËÕB34567
CLPD_1200/164.jpg,353,285,483,260,490,305,364,334,¾©V02633
CLPD_1200/165.jpg,229,225,301,210,300,234,229,250,ÕãG66665
CLPD_1200/166.jpg,201,193,338,201,332,243,204,233,Ô¥AAAAAA
CLPD_1200/167.jpg,150,284,218,282,218,307,150,307,ËÕGB0000
CLPD_1200/168.jpg,317,221,462,196,470,239,327,271,¾©G01234
CLPD_1200/169.jpg,213,294,519,286,521,384,218,384,ÃöF43795
CLPD_1200/170.jpg,253,288,392,287,394,327,252,327,´¨KB8888
CLPD_1200/171.jpg,334,358,530,318,539,378,343,435,´¨A0094Q
CLPD_1200/172.jpg,153,145,281,144,281,183,152,184,½úAV6600
CLPD_1200/173.jpg,163,181,250,180,250,205,163,208,¾©CX8888
CLPD_1200/174.jpg,235,331,459,376,453,436,243,387,²ØA8000C
CLPD_1200/175.jpg,456,563,734,568,726,657,456,646,Ô¥GVX888
CLPD_1200/176.jpg,203,311,342,316,339,354,205,351,Ô¥BMW760
CLPD_1200/177.jpg,198,286,344,293,341,337,199,328,¼½A594NB
CLPD_1200/178.jpg,30,211,91,220,92,240,31,232,ÄþAF331T
CLPD_1200/179.jpg,302,335,504,334,501,393,302,390,¾©HE5163
CLPD_1200/180.jpg,132,266,263,275,267,307,135,300,Â³S34567
CLPD_1200/181.jpg,115,213,191,213,193,234,115,236,ÕãGMP555
CLPD_1200/182.jpg,174,168,286,167,288,195,175,202,ºÚL99999
CLPD_1200/183.jpg,536,359,869,365,862,459,533,459,´¨A213EE
CLPD_1200/184.jpg,116,244,233,246,234,278,115,276,¼½A85A68
CLPD_1200/185.jpg,196,223,276,224,275,249,196,246,´¨ASB110
CLPD_1200/186.jpg,230,331,337,326,338,358,231,364,½úAQ6666
CLPD_1200/187.jpg,227,283,346,283,348,317,225,320,»¦A88888
CLPD_1200/188.jpg,2339,775,2777,804,2771,952,2339,937,Â³P398A0
CLPD_1200/189.jpg,190,231,326,228,328,267,191,272,ÉÂV88888
CLPD_1200/190.jpg,140,168,252,170,251,201,138,200,¼½D20000
CLPD_1200/191.jpg,285,408,524,412,520,476,283,469,Â³BL9E17
CLPD_1200/192.jpg,136,261,224,268,223,297,136,292,ÏæB99999
CLPD_1200/193.jpg,245,201,314,201,315,223,249,223,Â³B57U13
CLPD_1200/194.jpg,865,971,1135,969,1125,1056,847,1044,Â³DY911Q
CLPD_1200/195.jpg,137,123,302,184,289,263,125,181,¾©AD08000
CLPD_1200/196.jpg,888,391,1268,415,1262,538,876,510,ÔÁAKQ131
CLPD_1200/197.jpg,284,215,404,219,404,255,285,250,ÃÉH27579
CLPD_1200/198.jpg,264,359,398,364,398,408,265,403,Â³QA8888
CLPD_1200/199.jpg,179,335,297,331,297,366,180,369,ÃöC9U256
CLPD_1200/200.jpg,44,101,199,106,199,156,48,152,¾©K05851
CLPD_1200/201.jpg,225,307,434,322,430,379,225,358,¾©K76416
CLPD_1200/202.jpg,458,292,618,306,618,355,454,343,½òG68991
CLPD_1200/203.jpg,244,399,520,410,512,486,240,474,Â³BQ3T88
CLPD_1200/204.jpg,129,213,396,220,391,289,137,283,½òDDD544
CLPD_1200/205.jpg,451,238,497,241,495,265,450,262,ÃöDTA205
CLPD_1200/206.jpg,493,272,575,275,574,311,493,308,ÃöAR552W
CLPD_1200/207.jpg,133,296,250,328,242,382,127,342,¾©FD5352
CLPD_1200/208.jpg,311,228,386,233,388,263,313,259,´¨A121A6
CLPD_1200/209.jpg,189,332,315,332,314,367,192,369,ÁÉKJ8888
CLPD_1200/210.jpg,270,254,434,253,437,303,274,307,Â³D22222
CLPD_1200/211.jpg,518,341,636,356,634,396,516,377,´¨A266Y9
CLPD_1200/212.jpg,253,242,363,244,365,275,250,272,Ô¥G00000
CLPD_1200/213.jpg,460,500,636,555,635,646,460,573,Ô¥G00039E
CLPD_1200/214.jpg,236,448,421,467,420,524,234,503,¼½B91999
CLPD_1200/215.jpg,181,320,303,321,305,356,182,357,¼½B911ZB
CLPD_1200/216.jpg,153,146,244,147,244,177,151,172,»¦A85327
CLPD_1200/217.jpg,329,356,468,371,466,418,329,402,´¨A87511
CLPD_1200/218.jpg,103,331,211,351,211,386,99,360,Ô¥DJV826
CLPD_1200/219.jpg,326,195,395,192,398,213,327,217,Â³RB520T
CLPD_1200/220.jpg,229,147,336,133,339,162,231,179,ÕãDP3333
CLPD_1200/221.jpg,173,584,295,581,299,619,169,618,ÏæAMV062
CLPD_1200/222.jpg,30,99,132,104,132,132,29,128,´¨F0006
CLPD_1200/223.jpg,510,535,717,547,726,618,516,604,ÉÂAG9Z10
CLPD_1200/224.jpg,157,225,293,234,296,273,158,266,¾©NH1N10
CLPD_1200/225.jpg,247,236,561,228,568,323,243,329,ÃöFP9178
CLPD_1200/226.jpg,283,263,544,268,545,348,280,345,Â³BQQ900
CLPD_1200/227.jpg,383,237,437,240,437,263,384,258,ÃöC05761
CLPD_1200/228.jpg,97,147,143,150,143,169,97,164,ÁÉBL6789
CLPD_1200/229.jpg,181,441,311,450,313,488,183,482,Â³000000
CLPD_1200/230.jpg,162,143,230,144,230,163,162,163,¼½B88889
CLPD_1200/231.jpg,208,267,321,264,322,299,204,302,´¨C48855
CLPD_1200/232.jpg,366,260,421,266,420,292,364,282,ÃöDTC775
CLPD_1200/233.jpg,496,561,648,570,653,612,500,611,ºÚAH3333
CLPD_1200/234.jpg,215,280,358,266,364,311,222,322,½úAS8888
CLPD_1200/235.jpg,130,143,268,149,260,190,119,188,ºÚAF1949
CLPD_1200/236.jpg,693,207,790,218,788,250,691,236,´¨AU41X8
CLPD_1200/237.jpg,117,203,202,217,199,243,116,227,Ô¥CSP350
CLPD_1200/238.jpg,465,238,508,241,509,262,464,256,ÃöDR525W
CLPD_1200/239.jpg,332,378,486,367,483,416,332,423,»¦AZ7777
CLPD_1200/240.jpg,129,595,249,597,250,633,132,628,¹ðF88888
CLPD_1200/241.jpg,256,204,329,189,330,211,258,226,ÁÉBK8000
CLPD_1200/242.jpg,129,143,244,145,243,180,126,173,ÁÉBNR378
CLPD_1200/243.jpg,433,248,481,252,480,279,430,270,ÃöDTC777
CLPD_1200/244.jpg,129,188,226,190,225,215,129,214,ÃöD72222
CLPD_1200/245.jpg,126,156,209,165,208,187,124,178,ÕãGZB002
CLPD_1200/246.jpg,186,212,275,203,273,226,186,238,¼½A88888
CLPD_1200/247.jpg,174,101,303,106,300,148,176,143,¼½T2375D
CLPD_1200/248.jpg,137,321,236,328,235,370,136,354,Ô¥CSK350
CLPD_1200/249.jpg,104,206,345,208,339,279,108,277,ÃÉA16777
CLPD_1200/250.jpg,203,172,612,161,619,286,202,295,ÐÂN55555
CLPD_1200/251.jpg,123,143,203,154,199,181,118,165,ÁÉB60000
CLPD_1200/252.jpg,197,300,306,293,308,325,203,335,´¨A95958
CLPD_1200/253.jpg,375,363,462,349,463,380,378,394,¼½DHW505
CLPD_1200/254.jpg,615,501,893,497,891,592,619,587,Ô¥GR9999
CLPD_1200/255.jpg,227,231,407,226,404,282,225,280,ÕãF88888
CLPD_1200/256.jpg,554,244,672,245,676,285,557,282,ÐÂA70M53
CLPD_1200/257.jpg,497,232,543,235,541,257,497,251,ÃöDBZ052
CLPD_1200/258.jpg,349,379,474,352,485,396,369,425,ÓåHJ9073
CLPD_1200/259.jpg,236,124,480,113,468,178,238,188,½òHPP888
CLPD_1200/260.jpg,248,374,368,371,368,400,251,404,¶õN99999
CLPD_1200/261.jpg,123,173,218,168,218,195,124,198,¾©A88731
CLPD_1200/262.jpg,198,288,316,287,318,323,197,327,½úC88888
CLPD_1200/263.jpg,171,190,350,189,351,244,175,242,ÕãF77777
CLPD_1200/264.jpg,250,346,364,361,359,407,254,384,Â³Q07777
CLPD_1200/265.jpg,236,185,363,186,360,227,232,222,¼½T13333
CLPD_1200/266.jpg,244,296,344,249,357,283,259,334,¶õS06591
CLPD_1200/267.jpg,266,139,474,112,485,180,282,207,½òA77777
CLPD_1200/268.jpg,211,234,701,462,617,621,155,374,Ô¥FA5196
CLPD_1200/269.jpg,193,154,364,155,362,211,192,205,Ô¥A44444
CLPD_1200/270.jpg,2203,1488,2709,1388,2709,1576,2221,1685,ÃÉDXA446
CLPD_1200/271.jpg,247,231,319,229,320,252,247,253,¾©N99999
CLPD_1200/272.jpg,18,34,227,85,212,161,6,97,ÃöB1822F
CLPD_1200/273.jpg,186,211,245,212,245,228,185,228,¹ðBB6988
CLPD_1200/274.jpg,269,419,436,416,438,468,268,466,¼ªJJJJJJ
CLPD_1200/275.jpg,177,277,342,268,342,320,173,322,¾©EW2033
CLPD_1200/276.jpg,201,217,409,228,412,294,207,279,¶õAC8775
CLPD_1200/277.jpg,289,246,509,234,512,299,298,313,ÔÁDS8888
CLPD_1200/278.jpg,213,227,323,248,317,289,207,271,ÐÂA20W26
CLPD_1200/279.jpg,194,177,303,187,303,219,195,214,ÔÆGSB110
CLPD_1200/280.jpg,88,215,183,213,184,239,87,239,¾©GK8888
CLPD_1200/281.jpg,118,116,201,115,200,140,116,142,ËÕE7VC10
CLPD_1200/282.jpg,96,105,447,183,444,314,100,230,ËÕE703Y5
CLPD_1200/283.jpg,360,278,490,264,491,304,361,321,ÓåGFJ777
CLPD_1200/284.jpg,157,148,243,147,243,170,159,170,¼½DQ6688
CLPD_1200/285.jpg,275,372,519,381,513,456,276,446,Â³B325DE
CLPD_1200/286.jpg,113,154,181,161,182,186,115,179,»¦AHW683
CLPD_1200/287.jpg,378,438,501,435,498,478,376,480,´¨A4U4U1
CLPD_1200/288.jpg,635,217,751,222,749,261,634,259,ÐÂA07221
CLPD_1200/289.jpg,81,206,138,210,141,232,83,226,ÕãGZZ100
CLPD_1200/290.jpg,265,181,377,182,379,219,259,220,ÐÂA01X97
CLPD_1200/291.jpg,144,201,226,218,226,246,143,226,¹ðAE2238
CLPD_1200/292.jpg,247,253,436,255,430,319,252,315,¶õB74110
CLPD_1200/293.jpg,183,192,346,192,349,235,182,236,¼½BW9987
CLPD_1200/294.jpg,540,499,664,546,664,610,547,561,ÉÂAM82P1
CLPD_1200/295.jpg,335,621,845,450,856,590,360,810,ÉÂAF8B82
CLPD_1200/296.jpg,2460,1074,3013,1053,2998,1291,2498,1324,¾©Q02LX7
CLPD_1200/297.jpg,484,344,598,343,600,376,485,381,´¨A8YU77
CLPD_1200/298.jpg,363,219,444,209,443,238,363,249,¾©AG6104
CLPD_1200/299.jpg,473,239,554,241,553,276,474,274,ÃöAD58ET
CLPD_1200/300.jpg,153,189,241,187,241,213,155,215,½úB76840
CLPD_1200/301.jpg,163,146,263,157,260,189,156,177,ÁÉANB082
CLPD_1200/302.jpg,219,226,449,225,448,291,221,290,ÕãB999AA
CLPD_1200/303.jpg,263,247,363,254,355,295,257,284,¾©PP8888
CLPD_1200/304.jpg,359,179,429,178,430,200,362,200,ÍîEZM618
CLPD_1200/305.jpg,321,405,474,403,477,441,321,439,Â³Q5N555
CLPD_1200/306.jpg,105,144,217,143,217,174,105,176,ºÚRC2729
CLPD_1200/307.jpg,418,385,817,389,816,507,416,498,¼½DGL500
CLPD_1200/308.jpg,457,399,583,386,584,432,462,441,½ò000000
CLPD_1200/309.jpg,239,242,338,239,338,267,241,266,¾©AD01234
CLPD_1200/310.jpg,142,180,262,223,251,261,127,218,´¨099999
CLPD_1200/311.jpg,184,281,278,283,277,316,181,310,ÓåAXH280
CLPD_1200/312.jpg,256,165,325,170,326,194,257,192,ÍîM12288
CLPD_1200/313.jpg,169,250,493,467,422,573,114,349,Â³V8080Z
CLPD_1200/314.jpg,100,117,210,122,210,155,96,155,Â³BEX290
CLPD_1200/315.jpg,247,236,384,235,384,276,246,278,¶õAP1661
CLPD_1200/316.jpg,141,144,218,143,218,164,141,163,ÁÉA88888
CLPD_1200/317.jpg,135,259,270,278,264,324,130,296,ÕãA98D07
CLPD_1200/318.jpg,52,190,171,191,170,225,49,225,ÇíAV3009
CLPD_1200/319.jpg,204,188,315,188,317,223,206,223,´¨S22222
CLPD_1200/320.jpg,895,511,1016,506,1019,543,898,541,»¦A51V39
CLPD_1200/321.jpg,408,224,451,225,452,244,408,242,ÃöD19H58
CLPD_1200/322.jpg,257,208,346,211,345,237,260,232,ÏæC88888
CLPD_1200/323.jpg,174,117,344,132,337,201,168,178,½òE14579
CLPD_1200/324.jpg,397,173,574,187,571,238,397,229,ÔÁTSB178
CLPD_1200/325.jpg,225,432,349,434,352,471,223,465,Ô¥PH5229
CLPD_1200/326.jpg,349,444,459,444,458,474,348,480,´¨A987P1
CLPD_1200/327.jpg,519,245,651,247,650,290,518,285,ÐÂAW0560
CLPD_1200/328.jpg,169,326,320,350,320,399,173,376,¾©Q9W179
CLPD_1200/329.jpg,218,478,382,470,386,517,226,522,ÍîAT789S
CLPD_1200/330.jpg,774,581,924,506,921,573,772,652,ÉÂAX8G85
CLPD_1200/331.jpg,244,252,415,255,416,306,243,307,ÃÉBC4888
CLPD_1200/332.jpg,223,155,305,152,306,177,224,183,ÕãJD636R
CLPD_1200/333.jpg,225,173,295,175,293,198,226,198,ÍîM69311
CLPD_1200/334.jpg,167,111,288,114,289,154,168,151,½òJ33348
CLPD_1200/335.jpg,189,216,301,218,302,251,188,250,ÔÁBD12345
CLPD_1200/336.jpg,52,174,103,188,102,208,51,195,ÁÉBDY666
CLPD_1200/337.jpg,180,355,309,366,307,405,181,386,Â³AK1397
CLPD_1200/338.jpg,630,559,867,541,868,611,642,626,¶õAV6P85
CLPD_1200/339.jpg,401,270,457,274,456,299,400,293,ÃöDTF960
CLPD_1200/340.jpg,63,134,151,131,151,160,64,162,½òK88888
CLPD_1200/341.jpg,256,209,310,197,310,217,256,231,»¦AB8888
CLPD_1200/342.jpg,337,271,518,276,519,324,341,322,½úLJ8888
CLPD_1200/343.jpg,201,197,297,200,297,228,201,226,¼½A89888
CLPD_1200/344.jpg,116,211,181,210,181,229,116,229,½úA00002
CLPD_1200/345.jpg,228,304,555,305,556,404,229,399,ÔÆA526EG
CLPD_1200/346.jpg,338,264,474,267,475,309,338,304,¾©A5692¾¯
CLPD_1200/347.jpg,175,396,261,406,261,445,173,430,ÄþD22222
CLPD_1200/348.jpg,80,315,180,312,180,348,80,351,´¨071775
CLPD_1200/349.jpg,166,204,600,202,595,329,176,323,Â³JD9309
CLPD_1200/350.jpg,165,129,313,128,311,174,167,172,ÕãG00001
CLPD_1200/351.jpg,117,98,205,99,206,124,117,124,´¨BW1208
CLPD_1200/352.jpg,141,142,263,143,262,180,138,179,´¨R87979
CLPD_1200/353.jpg,133,145,193,146,193,162,132,163,½òAH7777
CLPD_1200/354.jpg,100,113,216,110,218,143,101,145,ÓåARG280
CLPD_1200/355.jpg,464,213,512,216,512,238,465,233,ÃöD593U1
CLPD_1200/356.jpg,180,203,306,201,306,242,181,241,¾©L55555
CLPD_1200/357.jpg,115,476,241,484,243,525,122,521,²ØAP2221
CLPD_1200/358.jpg,104,110,256,141,245,187,97,148,ËÕA77777
CLPD_1200/359.jpg,317,208,471,208,473,257,323,255,´¨A6F028
CLPD_1200/360.jpg,568,177,759,178,761,249,566,253,´¨A099H8
CLPD_1200/361.jpg,169,305,298,300,302,341,172,343,´¨C28888
CLPD_1200/362.jpg,244,205,303,195,304,214,246,225,½òA55555
CLPD_1200/363.jpg,172,225,256,217,255,239,173,248,ÔÁAX300Z
CLPD_1200/364.jpg,330,337,507,335,509,393,330,389,¼ªAD5187
CLPD_1200/365.jpg,444,240,492,243,492,265,443,261,ÃöD95P06
CLPD_1200/366.jpg,656,520,778,451,815,575,697,656,ÉÂAG6L31
CLPD_1200/367.jpg,636,566,865,576,859,646,637,629,ÉÂA5L1X2
CLPD_1200/368.jpg,273,445,395,440,394,474,279,477,ÍîS66666
CLPD_1200/369.jpg,22,269,490,1,534,115,144,399,ËÕE789V8
CLPD_1200/370.jpg,226,343,394,339,395,385,227,384,ÕãA98888
CLPD_1200/371.jpg,272,453,386,456,389,489,270,496,´¨AY607E
CLPD_1200/372.jpg,251,297,393,298,398,343,256,336,¾©JD8326
CLPD_1200/373.jpg,157,348,252,349,252,374,160,372,ÔÁBD01940
CLPD_1200/374.jpg,491,609,705,608,704,666,484,668,¼ªA12345
CLPD_1200/375.jpg,45,276,258,268,259,332,51,340,¼½AK8886
CLPD_1200/376.jpg,173,387,321,390,322,432,174,428,ÔÁA971WW
CLPD_1200/377.jpg,203,275,354,272,354,312,207,313,´¨AB222B
CLPD_1200/378.jpg,146,481,273,530,263,587,130,532,´¨A090KD
CLPD_1200/379.jpg,314,305,535,310,535,369,316,365,Â³J5B111
CLPD_1200/380.jpg,407,246,456,249,456,271,406,266,ÃöDH939A
CLPD_1200/381.jpg,48,202,119,209,120,239,50,230,»¦AF04199
CLPD_1200/382.jpg,589,397,1065,403,1067,548,586,540,ÉÂC44448
CLPD_1200/383.jpg,122,306,303,327,301,389,119,369,ÔÁB43596
CLPD_1200/384.jpg,315,204,424,206,425,241,313,239,ÐÂACG510
CLPD_1200/385.jpg,354,281,486,260,491,304,361,331,¾©V02633
CLPD_1200/386.jpg,561,199,672,203,670,239,557,241,ÐÂA3X295
CLPD_1200/387.jpg,203,278,315,277,315,313,202,312,¶õEZ002K
CLPD_1200/388.jpg,256,406,336,406,336,430,256,430,ÃöG00000D
CLPD_1200/389.jpg,442,229,488,232,489,252,441,250,ÃöD57C62
CLPD_1200/390.jpg,245,201,337,191,339,219,244,228,½úKC6666
CLPD_1200/391.jpg,120,156,244,159,243,193,119,194,ÁÉBSM939
CLPD_1200/392.jpg,297,299,529,300,527,365,293,362,¼½F5A809
CLPD_1200/393.jpg,72,153,138,154,139,174,73,175,ÍîQ80197
CLPD_1200/394.jpg,88,280,195,286,194,328,84,320,ËÕN00000
CLPD_1200/395.jpg,215,283,359,269,364,310,219,326,½úAS8888
CLPD_1200/396.jpg,81,230,193,233,192,264,80,262,ÃöDFC681
CLPD_1200/397.jpg,225,342,361,343,361,389,226,384,ÃÉC99999
CLPD_1200/398.jpg,87,213,610,210,587,350,110,348,ÍîB0T651
CLPD_1200/399.jpg,288,208,405,204,406,245,289,245,¾©A10000
CLPD_1200/400.jpg,163,142,229,143,229,164,162,164,¼½B88889
CLPD_1200/401.jpg,411,243,459,248,457,275,407,266,ÃöDH939A
CLPD_1200/402.jpg,331,361,456,346,452,381,325,400,ÕãA88888
CLPD_1200/403.jpg,325,358,527,362,524,425,321,417,ÔÁAL7777
CLPD_1200/404.jpg,365,198,437,194,439,217,366,223,´¨C55555
CLPD_1200/405.jpg,204,334,325,331,324,360,203,365,Ô¥R8800E
CLPD_1200/406.jpg,281,271,435,270,435,309,279,310,¶õACE150
CLPD_1200/407.jpg,209,167,317,164,319,194,213,196,½úHC9999
CLPD_1200/408.jpg,373,192,509,208,504,252,366,224,¶õAS7603
CLPD_1200/409.jpg,248,367,396,341,399,390,250,415,½òACA151
CLPD_1200/410.jpg,134,109,260,114,259,150,132,145,ÁÉB5776C
CLPD_1200/411.jpg,203,198,295,200,295,228,202,227,¼½A89888
CLPD_1200/412.jpg,237,185,370,191,371,232,239,226,¼ªF09201
CLPD_1200/413.jpg,159,302,280,313,280,350,161,337,´¨L00057
CLPD_1200/414.jpg,457,267,537,270,536,306,457,304,ÃöAL883A
CLPD_1200/415.jpg,477,422,630,422,628,466,474,469,ÉÂAEX882
CLPD_1200/416.jpg,174,136,259,137,261,162,175,157,ÁÉBD8800
CLPD_1200/417.jpg,168,129,233,128,234,146,169,146,ÍîQ0686Ñ§
CLPD_1200/418.jpg,25,34,158,36,160,77,26,75,¶õAD6765
CLPD_1200/419.jpg,191,341,408,337,408,400,191,403,¾©QN5555
CLPD_1200/420.jpg,139,242,226,259,223,291,136,267,´¨F88888
CLPD_1200/421.jpg,191,343,356,349,357,389,199,379,ÃöG29267
CLPD_1200/422.jpg,183,208,322,211,322,257,184,249,ËÕES70B3
CLPD_1200/423.jpg,483,345,600,345,600,381,481,380,´¨A8YU77
CLPD_1200/424.jpg,352,381,475,353,486,393,364,420,ÓåHJ9073
CLPD_1200/425.jpg,283,1407,798,1459,798,1689,280,1622,¼½F9SS28
CLPD_1200/426.jpg,265,319,385,322,386,351,264,346,ËÕNGP369
CLPD_1200/427.jpg,79,453,242,526,236,592,80,511,ÃöD0HL33
CLPD_1200/428.jpg,129,319,362,323,366,398,138,390,ºÚAXXXXX
CLPD_1200/429.jpg,156,346,249,348,249,376,156,374,ÔÁBD01940
CLPD_1200/430.jpg,265,239,400,238,401,280,265,280,Â³KZ7779
CLPD_1200/431.jpg,212,225,325,224,325,258,211,260,½òDP0001
CLPD_1200/432.jpg,191,274,428,280,424,352,191,340,ÓåBD8888
CLPD_1200/433.jpg,168,182,284,181,284,212,168,214,½òK83332
CLPD_1200/434.jpg,690,490,818,479,826,528,697,539,ÉÂAT5W36
CLPD_1200/435.jpg,245,198,386,193,390,240,250,244,´¨AAM915
CLPD_1200/436.jpg,267,211,504,212,499,278,271,281,ÔÁB594SB
CLPD_1200/437.jpg,223,403,354,409,353,443,226,439,Â³J11111
CLPD_1200/438.jpg,148,145,235,143,235,168,147,169,ÉÂA88888
CLPD_1200/439.jpg,438,256,519,260,517,298,435,289,ÃöA2550D
CLPD_1200/440.jpg,300,413,429,407,432,446,300,449,Ô¥P8C599
CLPD_1200/441.jpg,142,266,282,268,282,307,142,304,´¨E44444
CLPD_1200/442.jpg,417,386,814,394,813,508,417,498,¼½DGL500
CLPD_1200/443.jpg,178,169,316,176,321,220,180,213,½òNYV789
CLPD_1200/444.jpg,254,344,362,369,363,402,255,379,Â³Q07777
CLPD_1200/445.jpg,189,271,255,281,254,303,188,290,Â³CAH882
CLPD_1200/446.jpg,198,478,397,477,400,532,200,537,Ô¥BJ8888
CLPD_1200/447.jpg,232,318,356,308,356,341,234,350,ºÚENP777
CLPD_1200/448.jpg,194,140,290,139,292,168,194,169,ÁÉASB110
CLPD_1200/449.jpg,686,475,956,474,962,547,693,549,ÔÁA677WA
CLPD_1200/450.jpg,214,279,337,281,337,313,214,313,ÕãG8888V
CLPD_1200/451.jpg,331,376,534,378,537,433,336,432,ÁÉ000250
CLPD_1200/452.jpg,260,534,397,516,396,552,263,571,´¨J71111
CLPD_1200/453.jpg,75,162,143,168,142,186,74,180,´¨K87600
CLPD_1200/454.jpg,246,300,346,250,358,283,256,331,¶õS06591
CLPD_1200/455.jpg,179,231,320,230,322,274,181,270,ºÚJ88888
CLPD_1200/456.jpg,204,275,353,272,356,313,209,313,´¨AB222B
CLPD_1200/457.jpg,284,216,404,221,405,254,286,250,ÃÉH27579
CLPD_1200/458.jpg,268,140,367,152,363,182,265,172,¶õF8VS50
CLPD_1200/459.jpg,137,372,246,374,249,410,141,405,¼ªCEN444
CLPD_1200/460.jpg,271,219,388,219,388,252,272,250,ÃÉL99999
CLPD_1200/461.jpg,240,346,320,351,319,375,240,372,¼½D6J526
CLPD_1200/462.jpg,485,265,573,267,571,305,486,300,ÃöAR525L
CLPD_1200/463.jpg,133,267,265,275,270,309,138,301,Â³S34567
CLPD_1200/464.jpg,200,211,308,210,308,239,200,239,¾©H99999
CLPD_1200/465.jpg,137,263,225,270,225,296,136,290,ÏæB99999
CLPD_1200/466.jpg,179,205,306,205,307,242,180,243,¾©L55555
CLPD_1200/467.jpg,562,444,803,484,794,606,556,556,ÉÂAW202K
CLPD_1200/468.jpg,355,274,442,271,444,299,355,304,¾©AK9999
CLPD_1200/469.jpg,274,401,537,405,530,463,274,458,Â³BGE861
CLPD_1200/470.jpg,115,214,191,213,193,235,117,236,ÕãGMP555
CLPD_1200/471.jpg,372,185,489,185,487,218,370,218,ÐÂAU0112
CLPD_1200/472.jpg,312,229,386,233,387,262,314,259,´¨A121A6
CLPD_1200/473.jpg,147,105,257,105,257,139,146,138,¼ªAGH827
CLPD_1200/474.jpg,423,300,515,306,511,349,419,337,ÃöAL318P
CLPD_1200/475.jpg,228,195,365,202,365,243,227,239,¾©GKM438
CLPD_1200/476.jpg,96,147,143,150,142,169,96,163,ÁÉBL6789
CLPD_1200/477.jpg,123,173,217,168,218,193,124,198,¾©A88731
CLPD_1200/478.jpg,86,211,183,213,183,240,87,239,¾©GK8888
CLPD_1200/479.jpg,289,317,763,434,718,613,287,459,¹ðM5F100
CLPD_1200/480.jpg,470,246,543,249,545,279,467,279,ÃöAQ202G
CLPD_1200/481.jpg,262,270,367,271,367,301,262,298,Â³W99999
CLPD_1200/482.jpg,524,355,691,358,687,403,523,400,¾©L80262
CLPD_1200/483.jpg,278,336,385,324,384,360,278,373,ºÚA00234
CLPD_1200/484.jpg,150,214,288,216,288,255,148,253,ÁÉCG0815
CLPD_1200/485.jpg,268,138,476,117,483,180,276,203,½òA77777
CLPD_1200/486.jpg,380,206,450,195,464,216,392,233,´¨AZ7777
CLPD_1200/487.jpg,228,134,339,137,336,170,229,164,ÓåAL7708
CLPD_1200/488.jpg,295,173,432,171,436,216,295,221,´¨A821BX
CLPD_1200/489.jpg,341,210,426,209,425,235,343,239,´¨Z78778
CLPD_1200/490.jpg,383,374,953,350,947,492,375,524,½òJSB110
CLPD_1200/491.jpg,267,344,424,325,429,379,269,399,¼ªJ00099
CLPD_1200/492.jpg,217,193,350,204,348,246,213,233,Ô¥R88888
CLPD_1200/493.jpg,467,286,605,307,597,348,466,327,¶õAA39W3
CLPD_1200/494.jpg,135,187,307,162,314,224,143,253,ÏæE44444
CLPD_1200/495.jpg,152,218,241,220,242,244,152,242,ÔÁA2Y222
CLPD_1200/496.jpg,97,573,593,354,614,469,174,670,Â³B598AA
CLPD_1200/497.jpg,617,503,891,497,890,575,615,578,Ô¥GR9999
CLPD_1200/498.jpg,283,345,415,323,423,366,294,393,ÔÆG44444
CLPD_1200/499.jpg,71,76,152,77,152,98,70,98,ºÚLR7268
CLPD_1200/500.jpg,898,508,1014,507,1015,540,898,542,»¦A51V39
CLPD_1200/501.jpg,185,273,266,265,268,287,187,294,¾©CZ6362
CLPD_1200/502.jpg,145,291,239,309,235,353,138,329,¼½DYQ565
CLPD_1200/503.jpg,190,145,275,141,276,168,189,175,¼½A594SB
CLPD_1200/504.jpg,142,219,260,213,262,248,144,254,ÔÁS30000
CLPD_1200/505.jpg,373,326,472,327,473,354,373,358,½ú000000
CLPD_1200/506.jpg,499,543,642,555,641,596,501,581,¶õADW999
CLPD_1200/507.jpg,356,633,531,628,533,676,355,683,ÍîA85890
CLPD_1200/508.jpg,293,365,691,483,656,636,288,492,¹ðM5F100
CLPD_1200/509.jpg,442,255,526,259,526,297,441,293,ÃöA661J3
CLPD_1200/510.jpg,297,469,532,469,530,539,297,537,Â³BN3D87
CLPD_1200/511.jpg,221,117,342,137,334,176,215,150,ÃöG35888
CLPD_1200/512.jpg,220,425,367,429,367,469,222,465,ÔÆA097MC
CLPD_1200/513.jpg,94,252,165,258,165,280,94,275,ÍîASB748
CLPD_1200/514.jpg,109,189,194,190,194,214,109,213,ÍîNJ7240
CLPD_1200/515.jpg,207,352,346,360,344,401,208,392,Â³SLP521
CLPD_1200/516.jpg,123,157,258,162,257,200,124,196,¶õAM7B00
CLPD_1200/517.jpg,245,226,340,224,339,251,245,255,Â³G22222
CLPD_1200/518.jpg,297,380,472,383,473,433,295,430,ÃöJ12345
CLPD_1200/519.jpg,195,273,368,276,370,327,195,323,ÍîH88888
CLPD_1200/520.jpg,96,104,440,181,445,315,104,231,ËÕE703Y5
CLPD_1200/521.jpg,62,124,208,135,208,177,62,164,¾©H92862
CLPD_1200/522.jpg,659,369,1220,517,1183,709,634,538,ÉÂA6E3V5
CLPD_1200/523.jpg,500,217,613,219,612,253,499,251,ÐÂAEA927
CLPD_1200/524.jpg,219,216,367,213,369,256,216,256,ºÚAT0697
CLPD_1200/525.jpg,145,112,197,112,198,130,145,130,»¦AF13500
CLPD_1200/526.jpg,324,351,465,369,467,419,330,405,´¨A87511
CLPD_1200/527.jpg,226,276,297,286,294,318,222,303,¾©LQ9736
CLPD_1200/528.jpg,159,148,243,149,246,172,159,170,¼½DQ6688
CLPD_1200/529.jpg,150,173,247,175,246,204,149,200,ÔÁK44444
CLPD_1200/530.jpg,202,297,311,292,310,322,203,326,ÐÂA066NB
CLPD_1200/531.jpg,129,594,252,598,253,638,132,633,¹ðF88888
CLPD_1200/532.jpg,124,341,316,342,319,394,122,390,¶õAE0159
CLPD_1200/533.jpg,201,302,306,291,309,323,205,338,´¨A95958
CLPD_1200/534.jpg,538,230,652,231,654,265,537,266,ÐÂADL256
CLPD_1200/535.jpg,120,287,265,301,265,346,121,331,Ô¥K77A77
CLPD_1200/536.jpg,420,233,472,237,471,261,419,256,ÃöC337C0
CLPD_1200/537.jpg,283,406,523,412,519,477,283,472,Â³BL9E17
CLPD_1200/538.jpg,122,230,872,243,864,470,115,461,Â³ACZ558
CLPD_1200/539.jpg,1594,846,1976,888,1949,1046,1567,985,Â³DY911Q
CLPD_1200/540.jpg,276,446,395,440,394,475,277,482,ÍîS66666
CLPD_1200/541.jpg,324,120,393,120,392,143,324,143,ÍîQA2825
CLPD_1200/542.jpg,224,552,459,524,458,576,230,610,ÁÉB666XL
CLPD_1200/543.jpg,115,210,180,210,181,231,116,231,½úA00002
CLPD_1200/544.jpg,142,303,235,307,234,339,140,332,ÍîA1T235
CLPD_1200/545.jpg,27,265,502,0,535,119,148,399,ËÕE789V8
CLPD_1200/546.jpg,209,566,363,568,361,609,206,605,ÕãD11111
CLPD_1200/547.jpg,78,123,155,132,155,148,79,139,ËÕCD07773
CLPD_1200/548.jpg,197,349,340,346,338,374,198,377,Ô¥P3998E
CLPD_1200/549.jpg,421,467,550,477,548,522,426,507,¶õAUV027
CLPD_1200/550.jpg,143,195,232,193,233,218,145,221,ÕãGZJ021
CLPD_1200/551.jpg,340,206,452,208,450,244,337,244,ÐÂAK3057
CLPD_1200/552.jpg,603,422,749,421,749,473,604,472,´¨A2E7V7
CLPD_1200/553.jpg,191,285,291,287,290,316,190,315,Â³A88888
CLPD_1200/554.jpg,238,284,304,279,305,297,239,304,ËÕB755QT
CLPD_1200/555.jpg,573,409,686,380,685,420,576,453,ÁÉC10715
CLPD_1200/556.jpg,650,571,777,552,773,608,650,625,ÉÂA6U8J8
CLPD_1200/557.jpg,195,178,305,187,303,217,193,211,ÔÆGSB110
CLPD_1200/558.jpg,245,441,782,527,743,697,236,575,Ô¥FA5196
CLPD_1200/559.jpg,1250,1556,1635,1547,1632,1674,1250,1674,ÉÂA07LP6
CLPD_1200/560.jpg,231,154,365,158,365,202,228,196,¾©BM
CLPD_1200/561.jpg,252,286,593,283,590,385,255,384,¾©FV8608
CLPD_1200/562.jpg,218,389,345,399,348,437,225,424,Â³AW668F
CLPD_1200/563.jpg,226,177,336,178,336,210,228,206,¾©A80930
CLPD_1200/564.jpg,93,223,162,223,162,241,93,242,ÇíB9JL98
CLPD_1200/565.jpg,106,124,221,125,221,160,106,160,Â³BEN726
CLPD_1200/566.jpg,394,506,548,485,552,534,399,556,ÍîBMR001
CLPD_1200/567.jpg,187,268,364,266,364,313,186,314,¶õAD1257
CLPD_1200/568.jpg,140,146,261,143,262,178,139,180,´¨R87979
CLPD_1200/569.jpg,199,247,276,241,276,262,197,272,¾©V03253
CLPD_1200/570.jpg,175,104,303,106,302,150,174,144,¼½T2375D
CLPD_1200/571.jpg,171,143,267,136,264,162,172,169,ÃÉARQ656
CLPD_1200/572.jpg,487,602,705,606,701,671,483,665,¼ªA12345
CLPD_1200/573.jpg,195,364,489,351,489,427,197,441,½úBE5555
CLPD_1200/574.jpg,275,190,414,188,416,223,275,229,Â³A11111
CLPD_1200/575.jpg,76,236,176,233,175,263,77,265,ÇíA9CL26
CLPD_1200/576.jpg,550,321,729,323,733,382,545,380,¼½T5555D
CLPD_1200/577.jpg,118,203,201,215,200,242,118,229,Ô¥CSP350
CLPD_1200/578.jpg,135,207,260,208,261,247,135,248,ÐÂA85954
CLPD_1200/579.jpg,295,265,482,260,482,315,293,319,¹ðAM5881
CLPD_1200/580.jpg,151,285,216,283,216,304,151,306,ËÕGB0000
CLPD_1200/581.jpg,152,185,256,185,256,214,152,213,´¨A29922
CLPD_1200/582.jpg,491,406,588,406,588,444,490,442,Â³M00099
CLPD_1200/583.jpg,333,275,497,270,499,322,331,328,ËÕJ77777
CLPD_1200/584.jpg,258,230,408,216,414,255,267,270,ËÕB34567
CLPD_1200/585.jpg,250,246,379,248,379,286,250,285,ËÕNRG119
CLPD_1200/586.jpg,312,221,505,222,505,246,311,248,Â³Q9999A
CLPD_1200/587.jpg,161,302,318,298,317,340,164,341,ÇàB32352
CLPD_1200/588.jpg,195,184,278,182,279,210,196,216,ÁÉBSB888
CLPD_1200/589.jpg,49,96,248,94,244,147,55,151,½úAMQ477
CLPD_1200/590.jpg,544,228,663,230,663,267,543,263,ÐÂAW6312
CLPD_1200/591.jpg,636,353,744,362,745,402,632,389,´¨AQ116M
CLPD_1200/592.jpg,320,478,535,481,535,552,316,543,½òDNN987
CLPD_1200/593.jpg,443,237,532,236,535,267,444,272,¹ðC88888
CLPD_1200/594.jpg,260,259,519,258,524,333,258,329,Â³B609EJ
CLPD_1200/595.jpg,369,563,609,553,612,626,370,637,ÍîA6216W
CLPD_1200/596.jpg,243,174,333,171,337,197,244,199,¾©A00001
CLPD_1200/597.jpg,218,302,395,354,381,415,204,353,ÉÂJ12580
CLPD_1200/598.jpg,206,236,332,241,337,290,211,281,¶õAB8088
CLPD_1200/599.jpg,466,213,512,216,511,240,464,234,ÃöD593U1
CLPD_1200/600.jpg,245,360,469,371,469,445,245,432,Â³C5F779
CLPD_1200/601.jpg,167,393,310,413,311,456,167,438,ËÕB26566
CLPD_1200/602.jpg,484,226,528,232,526,251,482,245,ÃöD335N7
CLPD_1200/603.jpg,266,499,422,516,423,559,264,540,ËÕE7382B
CLPD_1200/604.jpg,498,232,543,236,542,256,496,250,ÃöDBZ052
CLPD_1200/605.jpg,287,243,386,229,386,256,286,273,¼½D00006
CLPD_1200/606.jpg,225,207,306,207,306,231,224,232,ÍîHR8911
CLPD_1200/607.jpg,232,153,356,147,357,186,232,191,½úA3W250
CLPD_1200/608.jpg,141,199,226,207,225,230,142,224,¹ðA44444
CLPD_1200/609.jpg,189,207,262,208,262,230,188,230,¾©A89106
CLPD_1200/610.jpg,207,102,289,104,289,130,206,126,ÃÉAC8968
CLPD_1200/611.jpg,223,351,349,349,352,383,225,385,ÕãJ00544
CLPD_1200/612.jpg,302,332,546,325,547,400,307,408,Â³DV7217
CLPD_1200/613.jpg,32,76,186,58,184,104,32,129,ÃöB79067
CLPD_1200/614.jpg,181,317,298,308,300,343,184,356,¾©HC5705
CLPD_1200/615.jpg,486,233,534,236,533,257,485,252,ÃöDEV720
CLPD_1200/616.jpg,142,94,265,101,264,133,141,125,ÃÉAHY901
CLPD_1200/617.jpg,480,263,563,263,564,294,481,294,ÃöA2020R
CLPD_1200/618.jpg,310,466,444,468,444,503,313,503,ÍîAX688A
CLPD_1200/619.jpg,257,289,488,284,487,339,254,343,ÁÉAU9595
CLPD_1200/620.jpg,198,245,338,242,341,280,202,285,¶õAAD198
CLPD_1200/621.jpg,153,190,249,190,248,217,153,218,ºÚBC9197
CLPD_1200/622.jpg,225,145,335,133,339,163,231,180,ÕãDP3333
CLPD_1200/623.jpg,75,204,165,204,165,232,74,230,ÇíB24993
CLPD_1200/624.jpg,1789,1307,2204,1328,2192,1465,1765,1450,Â³HQ096B
CLPD_1200/625.jpg,147,134,199,134,199,147,148,150,ËÕBD0D100
CLPD_1200/626.jpg,163,146,265,156,259,193,157,177,ÁÉANB082
CLPD_1200/627.jpg,318,113,466,172,447,229,294,157,¼½D2Y321
CLPD_1200/628.jpg,235,194,336,201,332,232,231,222,½úDLY520
CLPD_1200/629.jpg,387,202,469,185,471,218,390,239,ËÕA03U18
CLPD_1200/630.jpg,244,201,314,203,314,223,245,222,Â³B57U13
CLPD_1200/631.jpg,284,260,420,263,420,302,285,302,½úF21696
CLPD_1200/632.jpg,204,189,313,185,314,214,205,221,¼½BSY100
CLPD_1200/633.jpg,420,157,489,157,488,178,421,179,ÍîA2F560
CLPD_1200/634.jpg,1795,1013,2080,951,2095,1029,1822,1096,¾©N1XL99
CLPD_1200/635.jpg,219,205,296,209,296,234,218,229,Â³MN8899
CLPD_1200/636.jpg,488,458,660,516,660,604,489,543,ÉÂAYD169
CLPD_1200/637.jpg,181,222,414,222,416,292,181,292,ËÕEG26J6
CLPD_1200/638.jpg,161,397,249,395,250,420,161,423,ÍîAS3165
CLPD_1200/639.jpg,197,169,612,161,618,284,195,295,ÐÂN55555
CLPD_1200/640.jpg,190,218,373,215,374,265,189,265,¼½R54250
CLPD_1200/641.jpg,118,216,496,210,497,322,115,330,ËÕE995N5
CLPD_1200/642.jpg,203,322,320,328,321,361,201,357,Â³A70Q63
CLPD_1200/643.jpg,323,400,476,402,477,442,323,438,Â³Q5N555
CLPD_1200/644.jpg,409,261,562,282,556,330,400,306,¶õAS3W39
CLPD_1200/645.jpg,43,170,177,171,180,208,41,208,ÇíA9EF98
CLPD_1200/646.jpg,83,307,197,306,200,342,88,345,¾©NQ4163
CLPD_1200/647.jpg,266,164,357,163,357,207,272,204,ÃöA21665
CLPD_1200/648.jpg,188,345,342,345,341,381,188,381,´¨QLP700
CLPD_1200/649.jpg,241,222,382,217,387,260,246,266,ÔÁS88888
CLPD_1200/650.jpg,121,305,301,325,301,385,121,363,ÔÁB43596
CLPD_1200/651.jpg,158,206,413,201,411,262,161,267,»¦AD00806
CLPD_1200/652.jpg,232,191,318,178,317,202,231,218,¼ªAG6666
CLPD_1200/653.jpg,502,531,716,539,728,625,517,608,ÉÂAG9Z10
CLPD_1200/654.jpg,202,319,324,314,323,351,200,359,ÁÉPH0007
CLPD_1200/655.jpg,559,243,672,246,673,276,559,281,ÐÂA70M53
CLPD_1200/656.jpg,471,227,513,230,513,249,470,246,ÃöC018CQ
CLPD_1200/657.jpg,278,361,416,350,416,392,280,401,ºÚD8880D
CLPD_1200/658.jpg,290,258,457,290,448,345,276,310,ÃöJ33313
CLPD_1200/659.jpg,127,155,208,162,208,187,123,180,ÕãGZB002
CLPD_1200/660.jpg,277,509,425,505,424,547,280,553,ÉÂAZJ272
CLPD_1200/661.jpg,372,435,496,433,501,475,379,477,´¨A4U4U1
CLPD_1200/662.jpg,204,170,279,167,281,184,205,190,´¨A11111
CLPD_1200/663.jpg,264,364,442,362,444,417,263,419,¾©PV9C01
CLPD_1200/664.jpg,204,268,320,266,322,301,207,305,´¨C48855
CLPD_1200/665.jpg,457,333,648,346,650,399,461,391,´¨AQQ999
CLPD_1200/666.jpg,203,217,284,219,285,241,203,241,¼½000001
CLPD_1200/667.jpg,155,132,265,131,266,165,154,163,ÇàG04444
CLPD_1200/668.jpg,188,149,252,150,251,169,186,169,ÕãB0X288
CLPD_1200/669.jpg,206,218,292,216,294,242,204,246,ËÕKAN553
CLPD_1200/670.jpg,326,193,395,189,398,214,326,217,Â³RB520T
CLPD_1200/671.jpg,497,401,638,396,639,443,500,455,Â³AUB999
CLPD_1200/672.jpg,238,239,338,239,337,268,239,267,¾©AD01234
CLPD_1200/673.jpg,214,296,516,287,517,374,211,384,ÃöF43795
CLPD_1200/674.jpg,128,147,263,151,259,190,123,185,ºÚAF1949
CLPD_1200/675.jpg,153,145,281,146,284,184,151,182,½úAV6600
CLPD_1200/676.jpg,267,416,439,414,439,462,268,461,¼ªJJJJJJ
CLPD_1200/677.jpg,385,132,452,131,452,151,383,152,ÍîA00T45
CLPD_1200/678.jpg,197,200,333,207,332,245,198,241,Ô¥R56789
CLPD_1200/679.jpg,335,640,839,448,852,600,371,812,ÉÂAF8B82
CLPD_1200/680.jpg,409,222,452,227,452,246,408,242,ÃöD19H58
CLPD_1200/681.jpg,136,190,290,204,292,249,138,231,¶õE71H19
CLPD_1200/682.jpg,98,91,219,106,215,138,96,121,ÃöB1908F
CLPD_1200/683.jpg,579,670,757,684,756,734,578,719,½òDTG667
CLPD_1200/684.jpg,49,89,210,95,209,129,49,126,ÕãCC6586
CLPD_1200/685.jpg,181,358,304,367,306,398,183,387,Â³AK1397
CLPD_1200/686.jpg,230,235,422,238,418,288,229,285,¾©P9WH18
CLPD_1200/687.jpg,310,290,401,288,402,316,309,319,ÁÉA9826N
CLPD_1200/688.jpg,253,330,362,326,361,354,255,362,Ô¥SD6661
CLPD_1200/689.jpg,237,117,478,107,469,172,240,185,½òHPP888
CLPD_1200/690.jpg,273,456,383,453,386,489,273,492,´¨AY607E
CLPD_1200/691.jpg,194,225,362,232,358,283,199,269,½úAAS999
CLPD_1200/692.jpg,182,209,321,210,323,252,177,251,ÕãB9117Q
CLPD_1200/693.jpg,217,137,346,135,347,172,217,176,½úD01777
CLPD_1200/694.jpg,154,238,254,243,250,274,151,268,¾©FD4444
CLPD_1200/695.jpg,332,242,422,222,426,248,333,268,¼½B99998
CLPD_1200/696.jpg,233,376,382,377,381,418,232,420,¶õN77777
CLPD_1200/697.jpg,287,268,467,271,469,323,282,327,¾©J05545
CLPD_1200/698.jpg,261,245,364,241,366,268,266,273,¾©Q00000
CLPD_1200/699.jpg,243,522,441,524,443,576,249,572,½úM58888
CLPD_1200/700.jpg,237,351,324,353,324,376,240,375,´¨C22222
CLPD_1200/701.jpg,613,558,789,586,787,650,613,616,ËÕAU5D29
CLPD_1200/702.jpg,409,267,472,276,472,309,407,297,ÃöA17F29
CLPD_1200/703.jpg,133,273,248,302,239,353,124,317,¾©VA2188
CLPD_1200/704.jpg,201,216,285,219,285,242,203,243,¼½000001
CLPD_1200/705.jpg,192,298,360,312,355,367,186,352,ÔÁBJ826S
CLPD_1200/706.jpg,74,266,146,267,147,290,73,288,ºÚALD531
CLPD_1200/707.jpg,187,237,322,237,321,280,186,281,ºÚG77777
CLPD_1200/708.jpg,443,225,526,226,527,261,444,259,ÃöA126P1
CLPD_1200/709.jpg,180,228,258,225,258,247,181,251,ÁÉB99999
CLPD_1200/710.jpg,109,173,375,172,379,241,111,242,¾©H44444
CLPD_1200/711.jpg,349,270,494,267,495,307,345,311,¼ªAT4578
CLPD_1200/712.jpg,58,200,145,204,145,230,61,228,ÇíB38586
CLPD_1200/713.jpg,286,261,549,261,547,350,284,344,Â³BQQ900
CLPD_1200/714.jpg,188,332,313,332,313,368,190,367,ÁÉKJ8888
CLPD_1200/715.jpg,374,173,498,183,498,217,373,210,¼½R2Q629
CLPD_1200/716.jpg,236,451,422,471,419,521,234,503,¼½B91999
CLPD_1200/717.jpg,159,210,279,213,279,241,160,238,ÕãC5U002
CLPD_1200/718.jpg,520,564,640,558,642,605,520,614,ÉÂAH931Z
CLPD_1200/719.jpg,101,104,230,104,230,136,101,137,ºÚASM605
CLPD_1200/720.jpg,291,428,554,440,549,508,288,491,Â³BN0E23
CLPD_1200/721.jpg,318,343,470,344,471,389,320,391,ËÕJ99999
CLPD_1200/722.jpg,427,450,652,447,658,514,425,516,»¦JB7778
CLPD_1200/723.jpg,155,395,277,406,277,440,154,432,ÁÉBBJ834
CLPD_1200/724.jpg,413,250,504,240,505,276,412,283,¾©AG6104
CLPD_1200/725.jpg,173,178,258,184,256,209,174,204,¾©A88250
CLPD_1200/726.jpg,341,208,414,209,414,231,342,233,´¨C88888
CLPD_1200/727.jpg,352,377,494,351,504,398,369,434,Â³PDW856
CLPD_1200/728.jpg,150,251,413,258,412,347,149,336,¶õAN1366
CLPD_1200/729.jpg,277,211,423,209,427,257,279,258,´¨AT6M18
CLPD_1200/730.jpg,320,209,473,209,473,257,322,256,´¨A6F028
CLPD_1200/731.jpg,229,330,336,326,337,357,233,364,½úAQ6666
CLPD_1200/732.jpg,280,219,360,224,360,258,281,258,ÃöA763H5
CLPD_1200/733.jpg,459,404,561,378,572,423,477,452,ÄþAGM721
CLPD_1200/734.jpg,205,343,372,342,375,399,210,394,Â³Y18888
CLPD_1200/735.jpg,331,258,383,266,381,295,329,287,ÃöDTH885
CLPD_1200/736.jpg,162,202,281,198,281,230,164,232,ÉÂF00000
CLPD_1200/737.jpg,443,432,609,407,616,453,447,486,ÃÉAHQ789
CLPD_1200/738.jpg,75,157,125,171,125,194,75,176,ÁÉB07198
CLPD_1200/739.jpg,117,162,262,169,262,222,117,212,Â³A077Y5
CLPD_1200/740.jpg,461,284,726,276,727,350,461,365,ÕãE55555
CLPD_1200/741.jpg,207,298,290,300,288,327,210,323,ÕãABS110
CLPD_1200/742.jpg,246,229,321,232,320,254,249,252,¾©N99999
CLPD_1200/743.jpg,278,409,425,416,424,466,285,455,¾©PZM928
CLPD_1200/744.jpg,172,200,242,199,243,222,174,223,ÍîA80003
CLPD_1200/745.jpg,140,180,263,222,250,263,129,217,´¨099999
CLPD_1200/746.jpg,260,282,491,282,488,336,270,338,ÁÉB9J068
CLPD_1200/747.jpg,250,452,343,456,344,481,250,480,´¨AP704L
CLPD_1200/748.jpg,558,413,729,412,736,468,561,481,´¨AS6E87
CLPD_1200/749.jpg,105,144,215,142,215,173,105,175,ºÚRC2729
CLPD_1200/750.jpg,166,147,250,140,254,167,168,173,ÍîF80075
CLPD_1200/751.jpg,338,548,569,551,570,617,338,618,ÐÂA0Q108
CLPD_1200/752.jpg,281,276,415,275,417,317,279,317,ÉÂM12291
CLPD_1200/753.jpg,324,427,477,431,476,475,322,470,ÏæACP293
CLPD_1200/754.jpg,183,440,315,453,315,490,181,481,Â³000000
CLPD_1200/755.jpg,34,147,188,149,190,201,36,199,¾©N2VC68
CLPD_1200/756.jpg,417,571,808,565,803,672,419,679,»¦KR9888
CLPD_1200/757.jpg,129,383,237,403,242,441,132,420,¾©P3WS10
CLPD_1200/758.jpg,196,271,319,265,319,295,199,301,ÇíE34567
CLPD_1200/759.jpg,257,408,408,403,405,441,261,445,¾©LX8338
CLPD_1200/760.jpg,276,474,538,472,537,538,277,548,Â³B196EF
CLPD_1200/761.jpg,225,261,333,262,332,294,222,294,¾©A82806
CLPD_1200/762.jpg,199,290,357,278,357,328,197,336,ÔÁS99999
CLPD_1200/763.jpg,294,223,397,211,401,244,294,258,Â³G10086
CLPD_1200/764.jpg,126,108,228,107,227,141,128,141,ÁÉAHU256
CLPD_1200/765.jpg,253,241,399,244,398,283,249,281,ÃöD00169
CLPD_1200/766.jpg,94,90,219,91,220,130,91,128,ºÚA16341
CLPD_1200/767.jpg,120,166,226,164,223,190,121,195,Â³BL6P77
CLPD_1200/768.jpg,133,217,250,217,249,252,132,248,ÁÉB1036A
CLPD_1200/769.jpg,554,620,851,608,849,678,555,692,ÏæE88888
CLPD_1200/770.jpg,264,360,532,356,531,432,265,441,Â³B216D5
CLPD_1200/771.jpg,467,513,780,558,778,660,473,618,ÉÂAYD169
CLPD_1200/772.jpg,224,307,434,323,435,376,224,360,¾©K76416
CLPD_1200/773.jpg,324,430,565,470,548,584,320,532,ÉÂAW202K
CLPD_1200/774.jpg,442,239,493,243,492,265,441,262,ÃöD95P06
CLPD_1200/775.jpg,155,188,240,188,241,212,157,214,½úB76840
CLPD_1200/776.jpg,167,241,301,242,301,283,165,281,ÕãA800CC
CLPD_1200/777.jpg,234,495,380,492,380,534,237,531,ÉÂAZY780
CLPD_1200/778.jpg,205,398,318,404,321,443,205,431,ÔÆH88888
CLPD_1200/779.jpg,254,286,378,283,381,324,259,325,ÓåB77777
CLPD_1200/780.jpg,452,342,607,343,603,391,451,385,¸ÓH88888
CLPD_1200/781.jpg,67,203,156,203,155,230,69,231,ÇíAV7772
CLPD_1200/782.jpg,423,236,473,242,472,263,423,257,ÃöCFN502
CLPD_1200/783.jpg,177,332,299,331,299,372,181,368,ÃöC9U256
CLPD_1200/784.jpg,170,162,263,162,262,191,167,189,Ô¥D99999
CLPD_1200/785.jpg,187,521,368,523,369,573,192,572,Ô¥L88888
CLPD_1200/786.jpg,146,201,225,221,224,246,145,225,¹ðAF2238
CLPD_1200/787.jpg,306,296,458,297,462,342,308,338,¶õAEB506
CLPD_1200/788.jpg,397,584,562,606,565,650,400,629,¶õAZ3W99
CLPD_1200/789.jpg,157,244,242,241,243,266,158,269,½úM77777
CLPD_1200/790.jpg,223,313,328,317,327,349,225,347,ÁÉBCF001
CLPD_1200/791.jpg,177,130,246,130,247,150,177,149,ÍîQ19917
CLPD_1200/792.jpg,417,271,501,272,501,308,417,305,ÃöA0111E
CLPD_1200/793.jpg,211,103,321,127,316,162,208,137,¼½EXP911
CLPD_1200/794.jpg,192,448,285,449,283,477,188,479,ÐÂANB120
CLPD_1200/795.jpg,158,127,254,125,255,152,158,154,Ô¥AF05888
CLPD_1200/796.jpg,256,196,395,192,400,236,263,237,´¨AYB660
CLPD_1200/797.jpg,267,609,443,613,446,659,268,665,ÍîAH8331
CLPD_1200/798.jpg,168,185,268,202,265,234,170,211,´¨M88888
CLPD_1200/799.jpg,221,286,351,284,348,324,220,325,¼½CCJQKA
CLPD_1200/800.jpg,77,149,324,155,325,221,74,217,´¨A88888
CLPD_1200/801.jpg,427,231,511,238,508,272,428,267,ÃöK71537
CLPD_1200/802.jpg,247,286,340,289,341,317,249,315,ºÚAJP250
CLPD_1200/803.jpg,270,648,408,669,409,737,261,708,½òLS2999
CLPD_1200/804.jpg,232,300,367,294,369,338,235,340,¾©A80293
CLPD_1200/805.jpg,300,441,406,446,408,479,300,475,´¨ASF581
CLPD_1200/806.jpg,83,127,165,148,159,166,82,147,ËÕEEV6888
CLPD_1200/807.jpg,82,275,144,279,143,300,83,297,Â³A1006Y
CLPD_1200/808.jpg,275,181,362,183,361,210,275,211,´¨A594Q7
CLPD_1200/809.jpg,303,254,498,266,493,295,300,293,ÃöA8888Z
CLPD_1200/810.jpg,292,392,491,391,488,440,301,446,ÁÉB40M26
CLPD_1200/811.jpg,206,220,694,473,608,626,156,367,Ô¥FA5196
CLPD_1200/812.jpg,447,267,532,275,530,311,449,305,ÃöAL318P
CLPD_1200/813.jpg,360,331,463,330,463,363,360,363,ÇíAL6557
CLPD_1200/814.jpg,263,183,380,182,377,222,258,218,ÐÂA01X97
CLPD_1200/815.jpg,124,387,240,394,242,429,125,422,¹óDK8888
CLPD_1200/816.jpg,480,475,713,443,709,507,474,542,¹óDAK528
CLPD_1200/817.jpg,205,213,295,212,294,241,202,239,ÔÁMD08999
CLPD_1200/818.jpg,131,112,246,110,244,147,126,143,¼½D06888
CLPD_1200/819.jpg,178,91,300,97,301,132,174,126,½òMA3980
CLPD_1200/820.jpg,390,213,501,218,501,255,387,246,ÐÂAB2756
CLPD_1200/821.jpg,318,258,380,262,380,291,318,284,ÃöD001P7
CLPD_1200/822.jpg,244,204,303,196,304,213,245,224,½òA55555
CLPD_1200/823.jpg,82,435,188,453,188,488,84,471,¼½DDF216
CLPD_1200/824.jpg,130,265,695,268,688,431,136,421,¼½N03318
CLPD_1200/825.jpg,330,217,461,214,460,250,332,251,¾©P807G7
CLPD_1200/826.jpg,213,165,350,170,350,209,215,204,¾©FD9718
CLPD_1200/827.jpg,634,571,855,578,852,639,633,632,ÉÂA5L1X2
CLPD_1200/828.jpg,205,293,336,284,336,320,205,328,Â³N4J588
CLPD_1200/829.jpg,248,418,361,424,364,460,252,453,ÏæAW1492
CLPD_1200/830.jpg,128,196,232,195,232,223,128,227,ÕãGZB388
CLPD_1200/831.jpg,229,276,350,265,352,298,232,312,´¨S77777
CLPD_1200/832.jpg,160,170,227,167,229,187,162,191,ÔÆF558999
CLPD_1200/833.jpg,188,183,289,216,283,267,182,217,ÃöA08888F
CLPD_1200/834.jpg,51,99,110,103,110,117,52,114,¹óANV011
CLPD_1200/835.jpg,267,339,455,342,454,399,262,390,ËÕBGN307
CLPD_1200/836.jpg,161,235,258,229,262,259,161,264,¸ÓB99999
CLPD_1200/837.jpg,85,70,180,71,178,101,82,103,ÁÉAPD410
CLPD_1200/838.jpg,471,248,518,252,518,272,468,267,ÃöDTG1D1
CLPD_1200/839.jpg,165,282,316,291,315,335,169,331,´¨W00000
CLPD_1200/840.jpg,263,495,402,482,401,521,268,533,Ô¥SN7857
CLPD_1200/841.jpg,106,184,151,191,152,208,105,200,ÁÉBB5111
CLPD_1200/842.jpg,151,134,240,139,238,169,149,163,ÇíAM6666
CLPD_1200/843.jpg,214,208,403,205,402,259,215,260,ÍîKH6N01
CLPD_1200/844.jpg,127,227,662,222,647,368,142,374,ÔÆAU7526
CLPD_1200/845.jpg,374,363,460,349,460,381,377,394,¼½DHW505
CLPD_1200/846.jpg,162,220,293,240,288,290,151,267,½òMJY929
CLPD_1200/847.jpg,277,414,344,410,346,432,276,436,»¦B87057
CLPD_1200/848.jpg,95,229,181,228,182,251,94,251,¾©MB9913
CLPD_1200/849.jpg,101,110,260,143,249,190,94,151,ËÕA77777
CLPD_1200/850.jpg,249,600,376,613,380,651,248,640,´¨AU8Z18
CLPD_1200/851.jpg,202,426,425,423,425,479,202,492,²ØA5000A
CLPD_1200/852.jpg,106,166,187,170,187,195,105,192,ÁÉBMW005
CLPD_1200/853.jpg,245,394,377,393,376,438,238,438,¼½TD0111
CLPD_1200/854.jpg,173,115,341,135,335,199,163,177,½òE14579
CLPD_1200/855.jpg,444,372,574,342,569,389,438,419,¾©J13425
CLPD_1200/856.jpg,278,221,353,221,353,246,277,246,¼½E23456
CLPD_1200/857.jpg,246,236,564,226,565,321,242,329,ÃöFP9178
CLPD_1200/858.jpg,196,108,326,107,325,148,196,145,½òCX8931
CLPD_1200/859.jpg,354,483,688,482,682,577,360,577,¾©Q58A77
CLPD_1200/860.jpg,531,224,645,226,646,265,531,265,ÐÂANJ007
CLPD_1200/861.jpg,288,315,469,315,464,370,287,368,¹ðAV6388
CLPD_1200/862.jpg,531,356,667,376,659,420,526,399,´¨A155RP
CLPD_1200/863.jpg,346,349,477,358,476,405,345,392,´¨A288DJ
CLPD_1200/864.jpg,190,256,315,253,315,291,191,292,ËÕBB8888
CLPD_1200/865.jpg,181,228,254,228,253,247,183,250,ºÚH9881B
CLPD_1200/866.jpg,152,145,248,145,247,175,152,174,»¦A85327
CLPD_1200/867.jpg,331,377,482,368,482,415,331,422,»¦AZ7777
CLPD_1200/868.jpg,193,210,296,208,289,246,191,243,ÉÂH77777
CLPD_1200/869.jpg,97,133,227,130,227,167,98,171,ËÕE1TH83
CLPD_1200/870.jpg,510,199,623,198,627,232,513,235,ÐÂAG1786
CLPD_1200/871.jpg,100,333,211,353,210,387,101,363,Ô¥DJV826
CLPD_1200/872.jpg,244,398,376,396,376,441,241,441,´¨F0N936
CLPD_1200/873.jpg,272,248,397,247,398,281,273,283,ÄþAP7777
CLPD_1200/874.jpg,146,133,270,133,269,169,147,168,ÁÉB0516B
CLPD_1200/875.jpg,222,217,320,219,319,250,222,249,´¨AA196Q
CLPD_1200/876.jpg,143,155,303,160,301,214,141,202,Ô¥LU8559
CLPD_1200/877.jpg,30,99,132,104,132,133,29,127,´¨F00006
CLPD_1200/878.jpg,179,217,316,207,318,245,180,254,ÏæLC0361
CLPD_1200/879.jpg,214,293,322,295,324,326,211,323,¾©WY0122
CLPD_1200/880.jpg,2203,1496,2709,1399,2709,1585,2206,1682,ÃÉDXA446
CLPD_1200/881.jpg,140,109,205,108,206,126,138,128,»¦F88888
CLPD_1200/882.jpg,383,196,537,196,539,253,386,247,´¨AN7K78
CLPD_1200/883.jpg,516,339,636,355,632,393,514,372,´¨A266Y9
CLPD_1200/884.jpg,265,230,403,229,408,265,268,267,ÄþAG6666
CLPD_1200/885.jpg,250,304,384,302,384,338,250,340,´¨R33333
CLPD_1200/886.jpg,1559,1515,2271,1521,2280,1742,1589,1691,ÉÂAD31207
CLPD_1200/887.jpg,171,176,319,176,319,225,173,226,Ô¥J33333
CLPD_1200/888.jpg,271,229,379,219,382,250,275,264,¹ó0A2803
CLPD_1200/889.jpg,299,273,419,276,426,312,304,311,¶õAY8560
CLPD_1200/890.jpg,273,353,518,355,516,427,274,418,Â³B9S813
CLPD_1200/891.jpg,97,377,233,363,231,430,95,435,¾©NQ50N6
CLPD_1200/892.jpg,21,172,222,179,217,233,23,227,¼½B98Z10
CLPD_1200/893.jpg,221,251,405,256,405,313,222,308,¶õEE2307
CLPD_1200/894.jpg,293,260,391,264,389,290,293,288,Â³E00000
CLPD_1200/895.jpg,198,238,332,239,330,279,192,279,ÔÁB0K999
CLPD_1200/896.jpg,284,298,450,296,449,335,284,343,¶õA59770
CLPD_1200/897.jpg,285,334,430,352,425,403,284,382,½òKNG518
CLPD_1200/898.jpg,270,257,434,251,433,303,270,306,Â³D22222
CLPD_1200/899.jpg,153,133,201,135,201,149,153,148,Ãö088188
CLPD_1200/900.jpg,1029,497,1139,462,1139,525,1035,561,ÉÂA67LB0
CLPD_1200/901.jpg,340,208,481,203,483,252,339,254,´¨AVR565
CLPD_1200/902.jpg,432,412,572,421,576,462,427,457,¾©NFQ213
CLPD_1200/903.jpg,257,271,429,269,432,312,257,315,ÄþAM4444
CLPD_1200/904.jpg,141,160,232,162,231,189,141,186,ÁÉ000250
CLPD_1200/905.jpg,710,372,806,377,805,409,708,400,´¨AW8N30
CLPD_1200/906.jpg,127,190,221,188,219,206,128,211,ÃöDA9077
CLPD_1200/907.jpg,189,330,356,329,358,375,188,377,»¦E66666
CLPD_1200/908.jpg,201,340,409,342,405,402,198,402,ÍîAS7777
CLPD_1200/909.jpg,2333,766,2774,790,2753,963,2330,946,Â³P398A0
CLPD_1200/910.jpg,778,574,921,514,917,578,770,645,ÉÂAX8G85
CLPD_1200/911.jpg,207,269,292,243,288,275,209,297,Ô¥BGM213
CLPD_1200/912.jpg,80,107,203,109,201,144,79,140,Â³Y44748
CLPD_1200/913.jpg,269,387,372,381,371,408,271,411,¾©A99999
CLPD_1200/914.jpg,648,522,785,459,821,582,688,676,ÉÂAG6L31
CLPD_1200/915.jpg,167,131,311,130,311,174,170,174,ÕãG00001
CLPD_1200/916.jpg,448,673,618,690,622,751,444,734,½òNRL118
CLPD_1200/917.jpg,168,113,290,115,291,154,169,149,½òJ33348
CLPD_1200/918.jpg,108,120,217,117,216,148,111,148,¶õCF0730
CLPD_1200/919.jpg,450,240,495,243,495,263,448,257,ÃöDTA205
CLPD_1200/920.jpg,362,394,473,394,473,424,362,425,ÕãC0G527
CLPD_1200/921.jpg,159,181,324,184,323,226,163,218,¼½D97938
CLPD_1200/922.jpg,240,199,351,199,351,235,239,236,ÐÂA083N8
CLPD_1200/923.jpg,107,181,200,180,201,207,109,213,ÇíAN1550
CLPD_1200/924.jpg,173,249,498,465,431,555,112,349,Â³V8080Z
CLPD_1200/925.jpg,248,175,311,174,310,194,247,197,ÁÉB96969
CLPD_1200/926.jpg,246,253,326,255,327,286,249,286,´¨BD8666
CLPD_1200/927.jpg,275,183,401,187,400,227,277,220,ÁÉA4646A
CLPD_1200/928.jpg,203,140,333,146,334,185,205,178,½òFL0089
CLPD_1200/929.jpg,234,260,301,261,302,281,234,281,¹ðA382W5
CLPD_1200/930.jpg,254,296,311,295,312,314,252,313,´¨FMS722
CLPD_1200/931.jpg,340,265,472,268,473,309,343,303,¾©A5692¾¯
CLPD_1200/932.jpg,293,427,441,426,438,464,295,470,¼½A99027
CLPD_1200/933.jpg,138,178,299,172,301,214,142,222,¹óA88888
CLPD_1200/934.jpg,1439,1082,1676,1062,1671,1167,1444,1192,¾©JJL367
CLPD_1200/935.jpg,115,93,221,94,223,124,114,123,Â³B209R2
CLPD_1200/936.jpg,169,305,299,303,302,336,174,341,´¨C28888
CLPD_1200/937.jpg,103,92,279,100,279,147,105,141,ÁÉB2723L
CLPD_1200/938.jpg,182,185,358,186,358,241,184,237,ºÚEAN999
CLPD_1200/939.jpg,290,246,507,238,512,301,293,315,ÔÁDS8888
CLPD_1200/940.jpg,362,218,441,210,443,240,363,248,¾©AG6104
CLPD_1200/941.jpg,463,288,623,306,616,358,453,344,½òG68991
CLPD_1200/942.jpg,137,168,246,170,247,199,139,199,ÁÉAQ6493
CLPD_1200/943.jpg,493,269,574,272,574,309,495,305,ÃöAR552W
CLPD_1200/944.jpg,209,221,317,222,320,258,209,261,´¨A0Z217
CLPD_1200/945.jpg,221,228,322,226,324,255,222,258,ËÕJAA458
CLPD_1200/946.jpg,308,229,423,232,427,273,311,272,´¨A9S502
CLPD_1200/947.jpg,566,302,686,308,684,346,565,341,´¨AE3B78
CLPD_1200/948.jpg,295,460,392,462,395,491,295,488,´¨A580ND
CLPD_1200/949.jpg,333,336,507,332,506,388,330,386,¼ªAD5187
CLPD_1200/950.jpg,131,220,231,234,231,267,127,256,¼½ADH125
CLPD_1200/951.jpg,171,418,361,430,365,479,177,474,¼½B56789
CLPD_1200/952.jpg,235,389,492,402,489,474,245,462,Â³BL9T55
CLPD_1200/953.jpg,217,213,417,225,413,278,220,271,¾©NRY060
CLPD_1200/954.jpg,114,153,184,161,184,187,114,177,»¦AHW683
CLPD_1200/955.jpg,213,226,327,226,326,258,217,255,Ô¥FWY222
CLPD_1200/956.jpg,259,153,381,154,381,192,261,193,¾©AE6127
CLPD_1200/957.jpg,147,134,223,131,224,153,147,159,´¨QF09222
CLPD_1200/958.jpg,291,247,403,246,405,278,294,282,ÔÁA250SB
CLPD_1200/959.jpg,126,219,196,222,196,243,128,238,´¨X33333
CLPD_1200/960.jpg,194,483,402,485,402,548,197,549,¶õK9M555
CLPD_1200/961.jpg,258,365,654,352,639,456,266,472,ÁÉBAV568
CLPD_1200/962.jpg,74,148,404,144,402,249,75,247,´¨AT0H669
CLPD_1200/963.jpg,191,174,270,187,266,220,189,202,¸ÊJA3666
CLPD_1200/964.jpg,288,478,438,473,437,519,289,525,ÉÂAC589W
CLPD_1200/965.jpg,74,188,163,187,163,211,76,212,ÇíAS9379
CLPD_1200/966.jpg,428,330,579,328,576,379,420,379,¸ÓG12345
CLPD_1200/967.jpg,167,194,277,196,277,233,168,226,´¨B22222
CLPD_1200/968.jpg,104,212,201,210,202,238,104,242,ÇíA60888
CLPD_1200/969.jpg,154,223,259,222,258,253,156,254,ÔÁAG6666
CLPD_1200/970.jpg,152,160,273,157,271,187,154,194,¹ðAVN999
CLPD_1200/971.jpg,231,224,404,225,405,272,223,278,ÕãF88888
CLPD_1200/972.jpg,221,263,535,257,535,337,223,339,¹ðAC3692
CLPD_1200/973.jpg,320,363,515,366,517,428,321,428,ºÚCN5438
CLPD_1200/974.jpg,798,530,1010,467,1012,554,802,633,ÉÂA4V998
CLPD_1200/975.jpg,149,173,246,173,245,204,149,202,ÔÁK44444
CLPD_1200/976.jpg,141,185,198,201,192,226,137,210,Â³HGL575
CLPD_1200/977.jpg,314,201,421,202,421,249,313,241,ÃöA779D1
CLPD_1200/978.jpg,247,164,316,162,316,182,248,184,ÍîA09T87
CLPD_1200/979.jpg,231,192,305,151,311,180,239,227,»¦D87202
CLPD_1200/980.jpg,248,163,380,163,379,204,250,205,¾©YZ0320
CLPD_1200/981.jpg,170,329,260,328,257,352,168,356,ÍîA85501
CLPD_1200/982.jpg,244,335,362,341,362,376,242,364,ºÚH12345
CLPD_1200/983.jpg,296,415,520,418,516,488,294,487,Â³G58800
CLPD_1200/984.jpg,193,156,324,163,327,204,196,196,¾©EA2757
CLPD_1200/985.jpg,130,295,250,328,246,382,127,340,¾©FD5352
CLPD_1200/986.jpg,198,215,407,229,410,298,205,280,¶õAC8775
CLPD_1200/987.jpg,290,510,375,506,376,531,292,535,¾©AQ2152
CLPD_1200/988.jpg,359,278,489,266,491,305,364,325,ÓåGFJ777
CLPD_1200/989.jpg,129,265,423,258,425,337,127,338,ËÕJAY888
CLPD_1200/990.jpg,545,499,664,546,662,608,539,549,ÉÂAM82P1
CLPD_1200/991.jpg,335,352,530,322,540,377,345,431,´¨A0094Q
CLPD_1200/992.jpg,188,227,262,224,264,246,187,250,¼½B99999
CLPD_1200/993.jpg,230,197,364,196,367,235,229,238,½òKBV777
CLPD_1200/994.jpg,91,197,172,196,172,214,91,218,ÔÁTMD110
CLPD_1200/995.jpg,199,185,267,180,266,200,200,205,¶õB8CC27
CLPD_1200/996.jpg,243,154,377,157,376,200,243,193,¾©E56737
CLPD_1200/997.jpg,245,192,332,194,330,224,246,224,ÏæASB110
CLPD_1200/998.jpg,47,275,258,268,260,330,49,336,¼½AK8886
CLPD_1200/999.jpg,299,196,392,195,391,235,300,236,ÃöA562H3
CLPD_1200/1000.jpg,295,393,490,388,491,443,297,450,ÁÉB40M26
CLPD_1200/1001.jpg,372,184,483,184,485,217,372,221,ÐÂAU0112
CLPD_1200/1002.jpg,152,256,269,254,268,284,152,287,´¨A99999
CLPD_1200/1003.jpg,264,453,468,458,468,519,270,513,ÏæAD8098
CLPD_1200/1004.jpg,251,304,382,302,384,338,250,337,´¨R33333
CLPD_1200/1005.jpg,208,222,318,224,317,258,208,260,´¨A0Z217
CLPD_1200/1006.jpg,144,290,240,309,235,353,139,330,¼½DYQ565
CLPD_1200/1007.jpg,245,357,468,367,468,446,245,431,Â³C5F779
CLPD_1200/1008.jpg,260,121,397,127,398,172,259,163,¾©D1391¾¯
CLPD_1200/1009.jpg,125,342,312,341,314,393,126,391,¶õAF0159
CLPD_1200/1010.jpg,347,188,501,188,503,235,350,236,´¨A0G493
CLPD_1200/1011.jpg,155,161,226,161,228,181,156,181,½úL66666
CLPD_1200/1012.jpg,186,150,250,151,250,170,185,169,ÕãB0X288
CLPD_1200/1013.jpg,277,190,412,185,414,222,277,228,Â³A11111
CLPD_1200/1014.jpg,137,109,205,108,205,127,138,128,»¦F88888
CLPD_1200/1015.jpg,263,339,453,346,453,395,262,391,ËÕBGN307
CLPD_1200/1016.jpg,220,429,408,603,383,648,206,475,Â³V8080Z
CLPD_1200/1017.jpg,339,323,445,318,445,354,339,357,ÔÁB44444
CLPD_1200/1018.jpg,256,483,387,476,389,515,259,524,ÇàAZX311
CLPD_1200/1019.jpg,245,170,312,171,311,193,243,192,ÍîAJH155
CLPD_1200/1020.jpg,531,225,642,226,642,258,528,262,ÐÂANJ007
CLPD_1200/1021.jpg,150,241,349,241,348,296,148,298,Ô¥P88888
CLPD_1200/1022.jpg,299,274,419,275,424,311,303,313,¶õAY8560
CLPD_1200/1023.jpg,214,144,336,153,335,187,212,180,¾©N6V205
CLPD_1200/1024.jpg,296,281,530,289,528,360,295,354,Â³B598H8
CLPD_1200/1025.jpg,466,222,516,227,514,251,464,246,ÃöDTG135
CLPD_1200/1026.jpg,613,555,781,586,782,651,616,614,ËÕAU5D29
CLPD_1200/1027.jpg,131,112,245,112,245,145,130,142,¼½D06888
CLPD_1200/1028.jpg,358,137,438,136,439,156,358,160,»¦A66666
CLPD_1200/1029.jpg,137,138,233,137,233,167,138,167,½úAMH370
CLPD_1200/1030.jpg,565,450,798,484,788,601,549,553,ÉÂAW202K
CLPD_1200/1031.jpg,319,427,562,468,543,579,308,531,ÉÂAW202K
CLPD_1200/1032.jpg,688,477,957,477,959,545,691,551,ÔÁA677WA
CLPD_1200/1033.jpg,211,350,373,346,372,382,211,385,ÕãBK6309
CLPD_1200/1034.jpg,104,188,176,193,176,215,104,208,ÕãGRZ779
CLPD_1200/1035.jpg,206,215,294,216,295,239,206,241,ÔÁMD08999
CLPD_1200/1036.jpg,237,285,306,279,306,296,238,304,ËÕB755QT
CLPD_1200/1037.jpg,200,158,301,157,303,186,203,188,¾©AA6666
CLPD_1200/1038.jpg,358,489,711,521,699,632,348,596,´¨AM8888
CLPD_1200/1039.jpg,268,403,549,407,540,477,269,478,Â³U53729
CLPD_1200/1040.jpg,343,463,473,466,474,500,343,497,¾©BC4453
CLPD_1200/1041.jpg,1780,1301,2216,1328,2204,1465,1762,1462,Â³HQ096B
CLPD_1200/1042.jpg,84,307,195,307,197,344,88,345,¾©NQ4163
CLPD_1200/1043.jpg,476,423,634,424,627,473,474,468,ÉÂAEX882
CLPD_1200/1044.jpg,150,161,270,155,271,188,149,194,¹ðAVN999
CLPD_1200/1045.jpg,438,256,517,260,516,293,437,292,ÃöA2550D
CLPD_1200/1046.jpg,274,293,473,292,474,346,277,349,ÁÉHK1777
CLPD_1200/1047.jpg,187,156,239,157,239,171,186,170,¹ðAA6920
CLPD_1200/1048.jpg,410,268,473,277,472,308,407,298,ÃöA17F29
CLPD_1200/1049.jpg,205,176,361,182,359,229,204,224,ÃöC5942B
CLPD_1200/1050.jpg,330,267,483,274,480,317,331,309,ÁÉA8888R
CLPD_1200/1051.jpg,284,300,450,295,450,340,282,343,¶õA59770
CLPD_1200/1052.jpg,312,211,405,204,407,235,313,242,ÔÁS6S888
CLPD_1200/1053.jpg,279,225,479,201,480,254,281,282,ËÕB33333
CLPD_1200/1054.jpg,441,372,573,345,565,389,436,416,¾©J13425
CLPD_1200/1055.jpg,186,270,419,275,418,341,188,338,¾©JX9168
CLPD_1200/1056.jpg,247,296,398,301,397,344,249,344,ÔÁY88888
CLPD_1200/1057.jpg,239,98,490,93,494,173,242,174,½òA11111
CLPD_1200/1058.jpg,73,214,155,212,157,235,72,237,¾©H15703
CLPD_1200/1059.jpg,454,439,540,432,542,460,449,469,´¨U00001
CLPD_1200/1060.jpg,189,219,373,214,373,262,190,265,¼½R54250
CLPD_1200/1061.jpg,162,231,261,235,260,260,163,256,Â³JRW350
CLPD_1200/1062.jpg,383,369,952,345,946,485,378,527,½òJSB110
CLPD_1200/1063.jpg,1686,1044,1975,1066,1967,1172,1684,1150,¼½F9SS28
CLPD_1200/1064.jpg,369,506,625,512,625,585,365,578,ÔÁBNB001
CLPD_1200/1065.jpg,490,228,535,231,533,253,489,251,ÃöFHK691
CLPD_1200/1066.jpg,279,221,353,224,354,246,280,248,¼½E23456
CLPD_1200/1067.jpg,188,285,290,286,290,318,190,316,Â³A88888
CLPD_1200/1068.jpg,452,239,499,246,497,267,450,263,ÃöDTA331
CLPD_1200/1069.jpg,190,187,319,188,324,229,191,228,´¨A9Y4K8
CLPD_1200/1070.jpg,199,309,326,308,327,340,202,343,½òA00018
CLPD_1200/1071.jpg,470,288,605,307,598,347,464,332,¶õAA39W3
CLPD_1200/1072.jpg,432,234,516,237,518,278,428,271,ÃöA6391W
CLPD_1200/1073.jpg,418,253,469,260,470,285,414,277,ÃöD3335F
CLPD_1200/1074.jpg,493,468,600,440,597,477,493,509,½òKEJ156
CLPD_1200/1075.jpg,224,252,402,255,405,308,221,306,¶õEE2307
CLPD_1200/1076.jpg,215,166,349,172,351,208,213,203,¾©FD9718
CLPD_1200/1077.jpg,417,501,597,503,598,555,413,556,¾©BK0713
CLPD_1200/1078.jpg,146,131,270,131,269,168,145,166,ÁÉB0516B
CLPD_1200/1079.jpg,280,271,436,271,435,313,277,313,¶õACE150
CLPD_1200/1080.jpg,107,186,202,182,202,210,108,210,ÇíAN11550
CLPD_1200/1081.jpg,247,241,379,247,379,285,252,283,ËÕNRG119
CLPD_1200/1082.jpg,437,232,483,236,482,258,436,251,ÃöDJ331F
CLPD_1200/1083.jpg,291,227,395,213,398,243,293,257,Â³G10086
CLPD_1200/1084.jpg,142,217,1,206,0,249,146,259,¾©N61L78
CLPD_1200/1085.jpg,150,191,290,199,290,246,152,235,ÃÉHE0972
CLPD_1200/1086.jpg,206,256,521,264,517,344,207,339,Â³B995EQ
CLPD_1200/1087.jpg,170,378,337,381,337,422,176,420,¹ðB99999
CLPD_1200/1088.jpg,131,181,208,180,209,201,131,202,Â³U56789
CLPD_1200/1089.jpg,179,196,270,192,269,217,179,220,ÁÉB9727C
CLPD_1200/1090.jpg,177,131,245,129,245,150,177,150,ÍîQ19917
CLPD_1200/1091.jpg,254,286,592,286,592,386,254,385,¾©FV8608
CLPD_1200/1092.jpg,196,195,336,196,336,235,200,238,´¨ACQ801
CLPD_1200/1093.jpg,171,198,242,198,245,222,172,226,ÍîA80003
CLPD_1200/1094.jpg,315,256,385,260,381,294,314,287,ÃöD001P7
CLPD_1200/1095.jpg,292,300,528,299,526,361,292,363,¼½F5A809
CLPD_1200/1096.jpg,184,207,320,213,322,257,183,248,ËÕES70B3
CLPD_1200/1097.jpg,132,221,230,238,230,271,130,251,¼½ADH125
CLPD_1200/1098.jpg,179,168,331,167,332,211,175,212,´¨A520AV
CLPD_1200/1099.jpg,171,329,260,329,258,352,169,354,ÍîA85501
CLPD_1200/1100.jpg,259,152,379,155,381,195,260,191,¾©AE6127
CLPD_1200/1101.jpg,263,434,428,438,429,484,262,483,¾©P6XF09
CLPD_1200/1102.jpg,174,214,441,247,487,377,209,321,¶õAE3456
CLPD_1200/1103.jpg,399,182,467,182,469,200,401,202,ÍîQ06417
CLPD_1200/1104.jpg,363,318,647,359,644,455,361,388,ÔÁC08686D
CLPD_1200/1105.jpg,198,287,360,280,359,328,201,336,ÔÁS99999
CLPD_1200/1106.jpg,127,218,196,224,197,245,126,237,´¨X33333
CLPD_1200/1107.jpg,206,428,433,423,428,484,205,492,²ØA5000A
CLPD_1200/1108.jpg,354,379,495,348,505,397,366,434,Â³PDW856
CLPD_1200/1109.jpg,160,127,255,125,255,149,159,153,Ô¥AF05888
CLPD_1200/1110.jpg,247,420,362,425,366,464,247,453,ÏæAW1492
CLPD_1200/1111.jpg,647,487,908,458,905,554,654,581,ÉÂAH931Z
CLPD_1200/1112.jpg,200,245,339,242,340,282,203,289,¶õAAD198
CLPD_1200/1113.jpg,385,244,458,244,457,267,386,270,ÍîA80375
CLPD_1200/1114.jpg,291,143,360,143,359,167,292,168,ÍîHTT289
CLPD_1200/1115.jpg,188,198,300,196,302,234,191,232,¾©A88888
CLPD_1200/1116.jpg,163,202,295,200,294,232,165,236,Â³KK55555
CLPD_1200/1117.jpg,418,658,548,658,546,710,416,706,¼½HN7491
CLPD_1200/1118.jpg,193,210,291,210,290,241,193,244,ÉÂH77777
CLPD_1200/1119.jpg,195,269,371,271,372,325,195,323,ÍîH88888
CLPD_1200/1120.jpg,306,173,386,140,389,171,307,207,¾©NH1N10
CLPD_1200/1121.jpg,525,313,683,315,683,364,525,358,¾©GS1975
CLPD_1200/1122.jpg,293,430,439,428,440,462,290,466,¼½A99027
CLPD_1200/1123.jpg,366,198,438,195,437,218,369,221,´¨C55555
CLPD_1200/1124.jpg,244,432,778,532,741,696,227,575,Ô¥FA5196
CLPD_1200/1125.jpg,422,298,512,305,513,346,423,339,ÃöAL318P
CLPD_1200/1126.jpg,132,179,248,176,248,205,134,206,ÁÉB5705D
CLPD_1200/1127.jpg,345,160,476,163,474,205,345,199,Â³D56565
CLPD_1200/1128.jpg,321,212,418,211,418,246,315,244,´¨AQN266
CLPD_1200/1129.jpg,461,390,667,390,666,450,465,452,¼½A5D307
CLPD_1200/1130.jpg,384,196,538,195,540,249,385,248,´¨AN7K78
CLPD_1200/1131.jpg,188,297,357,313,357,369,188,353,ÔÁBJ826S
CLPD_1200/1132.jpg,317,419,574,419,574,486,319,491,ÕãJ7763S
CLPD_1200/1133.jpg,419,572,810,565,797,677,417,678,»¦KR9888
CLPD_1200/1134.jpg,142,194,233,193,234,220,143,222,ÕãGZJ021
CLPD_1200/1135.jpg,158,177,328,182,324,225,161,218,¼½D97938
CLPD_1200/1136.jpg,250,164,376,168,378,205,252,200,¾©YZ0320
CLPD_1200/1137.jpg,384,207,452,195,464,216,391,229,´¨AZ7777
CLPD_1200/1138.jpg,427,348,545,359,544,399,429,389,´¨A131PH
CLPD_1200/1139.jpg,277,702,499,721,498,802,270,767,½òE22602
CLPD_1200/1140.jpg,74,188,163,189,164,211,75,213,ÇíAS9379
CLPD_1200/1141.jpg,278,351,523,353,514,428,273,424,Â³B9S813
CLPD_1200/1142.jpg,167,183,284,182,284,213,166,213,½òK83332
CLPD_1200/1143.jpg,281,259,441,259,442,303,280,302,ÇàH77777
CLPD_1200/1144.jpg,42,172,177,171,179,208,41,205,ÇíA9EF98
CLPD_1200/1145.jpg,273,208,424,206,426,250,280,258,´¨AT6M18
CLPD_1200/1146.jpg,132,109,260,116,258,152,131,145,ÁÉB55776C
CLPD_1200/1147.jpg,259,215,360,216,361,256,261,258,ÃöA6645Y
CLPD_1200/1148.jpg,232,295,436,298,434,360,233,355,Â³B58Q17
CLPD_1200/1149.jpg,230,591,382,622,378,683,231,654,´¨ATQ621
CLPD_1200/1150.jpg,357,374,470,371,471,403,357,408,¼½JGG545
CLPD_1200/1151.jpg,49,89,210,95,209,131,48,127,ÕãCC6586
CLPD_1200/1152.jpg,98,96,229,94,230,129,95,131,ÓåB3E621
CLPD_1200/1153.jpg,104,182,151,190,151,208,106,200,ÁÉBB5111
CLPD_1200/1154.jpg,290,465,530,463,527,537,297,534,Â³BN3D87
CLPD_1200/1155.jpg,74,151,141,152,140,178,71,177,ÍîQ80197
CLPD_1200/1156.jpg,309,220,433,218,434,253,307,258,ÔÁA3Y347
CLPD_1200/1157.jpg,256,416,401,411,400,448,257,453,ÔÁA0U222
CLPD_1200/1158.jpg,137,179,299,174,303,217,137,223,¹óA88888
CLPD_1200/1159.jpg,221,117,340,140,335,174,214,149,ÃöG35888
CLPD_1200/1160.jpg,584,319,685,327,685,360,581,352,´¨A736NH
CLPD_1200/1161.jpg,341,208,412,208,414,234,338,233,´¨C88888
CLPD_1200/1162.jpg,441,431,611,406,616,450,449,487,ÃÉAHQ789
CLPD_1200/1163.jpg,165,161,217,162,218,177,165,175,Â³AA888M
CLPD_1200/1164.jpg,236,188,332,192,333,217,234,216,´¨L33333
CLPD_1200/1165.jpg,484,264,574,267,574,305,483,303,ÃöAR525L
CLPD_1200/1166.jpg,273,219,391,220,390,255,272,254,ÃÉL99999
CLPD_1200/1167.jpg,330,260,385,268,381,295,328,285,ÃöDTH885
CLPD_1200/1168.jpg,108,113,215,113,216,144,106,147,Â³B921LE
CLPD_1200/1169.jpg,480,252,566,255,566,291,481,289,ÃöAM902X
CLPD_1200/1170.jpg,303,274,506,271,506,332,304,336,Â³W22789
CLPD_1200/1171.jpg,307,249,373,247,374,272,307,271,ÍîF71646
CLPD_1200/1172.jpg,461,289,729,281,733,349,469,358,ÕãE55555
CLPD_1200/1173.jpg,72,264,144,268,145,289,76,289,ºÚALD531
CLPD_1200/1174.jpg,290,430,408,448,408,485,290,469,´¨A5861T
CLPD_1200/1175.jpg,540,497,664,546,663,605,536,552,ÉÂAM82P1
CLPD_1200/1176.jpg,325,124,391,120,393,143,324,143,ÍîOA2825
CLPD_1200/1177.jpg,299,411,431,408,431,445,300,450,Ô¥P8C599
CLPD_1200/1178.jpg,125,88,344,85,341,149,125,152,¶õA28076
CLPD_1200/1179.jpg,304,335,545,331,544,406,305,406,Â³DV7217
CLPD_1200/1180.jpg,525,549,608,583,600,624,516,589,½úM8008P
CLPD_1200/1181.jpg,244,228,338,225,339,251,243,253,Â³G22222
CLPD_1200/1182.jpg,445,464,619,469,621,516,450,517,Ô¥GPN677
CLPD_1200/1183.jpg,585,401,741,400,741,451,593,455,¼½DL3739
CLPD_1200/1184.jpg,291,247,402,246,405,280,291,280,ÔÁA250SB
CLPD_1200/1185.jpg,265,228,405,227,407,264,266,266,ÄþAG6666
CLPD_1200/1186.jpg,295,518,656,516,657,617,299,625,½òDSB250
CLPD_1200/1187.jpg,134,369,250,374,251,409,139,404,¼ªCEN444
CLPD_1200/1188.jpg,92,568,594,345,612,463,178,653,Â³B598AA
CLPD_1200/1189.jpg,264,318,386,321,384,349,265,348,ËÕNGP369
CLPD_1200/1190.jpg,323,431,475,430,474,477,324,474,ÏæACP293
CLPD_1200/1191.jpg,261,201,391,194,391,227,262,237,ºÚAD03210
CLPD_1200/1192.jpg,423,235,474,242,473,267,422,261,ÃöCFN502
CLPD_1200/1193.jpg,223,263,333,264,331,297,223,295,¾©A82806
CLPD_1200/1194.jpg,234,297,415,297,415,347,238,348,´¨A415SG
CLPD_1200/1195.jpg,189,485,406,490,403,551,192,547,¶õK9M555
CLPD_1200/1196.jpg,280,295,463,294,463,348,280,347,Ô¥CEH166
CLPD_1200/1197.jpg,229,176,337,178,337,211,228,205,¾©A80930
CLPD_1200/1198.jpg,236,634,391,630,393,683,238,683,¸ÓA82F36
CLPD_1200/1199.jpg,126,142,242,139,244,173,130,175,¾©GT7777
